"state_name","district_name","area_sq_km","perimeter_km","bbox_xmin","bbox_ymin","bbox_xmax","bbox_ymax","centroid_lon","centroid_lat","num_vertices","compactness"
"Punjab","Chamba",8297.71893,481.216455012437,75.7403171377129,32.0367809846396,77.1397405810443,33.129650677188,76.4412285101335,32.573001112383,96,0.45028517089522
"Punjab","Nabha",3751.51422,600.023927004513,74.9724310275733,27.7283581170769,76.6537072371639,30.5017290675067,75.832852540452,29.4317652823641,155,0.13094210646948
"Punjab","Dujana",316.02358,105.622913759254,76.2799362482402,28.1638559879617,76.7233442273608,28.5583159336729,76.50270093534,28.379840713265,34,0.35596973100444
"Punjab","Patiala",13565.5427,1348.36926148007,74.6669565660352,27.6660918017806,76.8969995512301,30.6573209910687,75.8771996630842,29.743367968186,351,0.09376253697524
"Punjab","Loharu",505.97102,95.121282985065,75.5789645688667,28.2554257853139,75.7994720581195,28.5643548976352,75.6921302524787,28.4203453401995,26,0.70271643165342
"Punjab","Delhi",3435.51258,301.972445940959,76.7406475203641,28.1638495469915,77.4670045041996,29.0292301705206,77.0575566654021,28.5927709113309,79,0.47344198982493
"Punjab","Rohtak",4186.59635,362.700151890291,76.1904483847607,28.1939790994331,76.9057143577602,29.0881332491593,76.5581032291792,28.6488042044735,116,0.39992216972144
"Punjab","Pataudi",87.36106,36.567186319528,76.6321926489643,28.1302460309334,76.7604599452685,28.2281943517726,76.7010576972914,28.1743271913985,15,0.82100286987888
"Punjab","Gurgaon",4716.1436,401.68455966051,76.3467929436103,27.5537669364448,77.517676981754,28.3459739898319,77.029092693504,28.0022005515166,97,0.36730480359915
"Punjab","Hissar",8225.29528,475.94712044155,75.2527660954456,28.5026995662851,76.4861091486388,30.8283921957097,75.7612214620307,29.1510320100511,115,0.45629315586776
"Punjab","Kangra",28217.80139,1111.70464184491,75.5431042577181,31.1447901206168,78.6941330021471,32.9603731930414,77.298010076537,32.0918071392784,256,0.28691562393629
"Punjab","Gurdaspur",3854.40834,329.653208115597,74.6564351403274,31.408151080328,75.8269854162716,32.3123275173955,75.2677101521207,31.8541341953823,51,0.44571061055356
"Punjab","Amritsar",5195.41695,312.487292775137,74.3921444750708,30.9675896220521,75.3310924882005,31.8238704675139,74.8166985113644,31.3781265381555,62,0.66859873054097
"Punjab","Hoshiarpur",5611.20992,355.623188341122,75.4517245514538,30.781722141923,76.5330091855323,31.9472968235615,75.9759682115243,31.3992370474638,68,0.55755310329996
"Punjab","Kapurthala",1949.99121,268.8926400737,74.9924603348461,30.9534849684973,76.016044657428,31.5444663727954,75.4384643937725,31.200634398299,51,0.33891023670111
"Punjab","Jullundur",4570.72086,381.496892341035,74.8444905495022,30.7146442226699,76.2431279100339,31.4218972631354,75.5738619101497,30.9757865675082,85,0.39465040620481
"Punjab","Umballa",4080.66671,448.480743094061,76.3926880299325,29.8001308185284,77.3126195714116,30.8921726019539,76.8570675634109,30.2907806204506,135,0.25494904470199
"Punjab","Sirsa",6945.73594,482.186981612231,73.8632240958106,29.0585538232911,75.3060328107097,30.138643893607,74.6540295635078,29.5980169143161,95,0.37540250896846
"Punjab","Ludhiana",3336.24383,334.426795354424,75.2344481583104,30.3232436217775,76.3933123140548,30.8362051660309,75.7357863820249,30.6032469732716,80,0.37485690313387
"Punjab","Ferozepur",8067.40796,580.746035095091,73.8771091141898,29.8999568588971,75.6058291693056,30.9775927281393,74.6211845593581,30.4912535229291,136,0.30058781834025
"Punjab","Karnal",7972.20848,470.364253469116,76.1215549070288,28.9890079345838,77.2188460347473,30.0026335763259,76.7146880874867,29.5306236180252,127,0.45281404945876
"Punjab","Jind",3765.44969,518.258504836734,75.6661613454135,28.2765194417611,76.6660907583648,30.175322027455,76.1330582749881,28.941965767829,152,0.1761707641737
"Punjab","Maler Kotla",545.0718,91.688160239114,75.586196212654,30.1888269125987,75.8789008709324,30.4615304200004,75.7349268138507,30.3419893124205,24,0.81477381723299
"Punjab","Faridkot",2253.79371,250.219956307866,74.3640986227759,29.8786430752199,75.0768052696171,30.5460879009556,74.7410715921874,30.2120769659955,64,0.45235577363914
"Punjab","Bashahr",8363.40212,502.676325823218,77.4636545415944,30.9572412593569,79.0175993589679,31.9934908427746,78.2871704021668,31.3969386376416,103,0.41592591278857
"Punjab","Simla",154.04369,66.6651714923,76.9493039453687,30.8871145073401,77.5421222157537,31.0932149092441,77.2732839136593,30.9999639696117,23,0.43556781581563
"Punjab","Mandi",3331.82362,275.757109165134,76.542833166389,31.2128005981405,77.276296590868,31.894526412278,76.8990561371524,31.5270143016841,70,0.55060282057228
"Punjab","Suket",1017.2935,168.055768317114,76.7521242054838,31.0004473181475,77.3212626118369,31.3909298274724,77.0086294155949,31.1699527039083,45,0.45263620307848
"Punjab","Nalagarh",867.87064,120.087415264625,76.4619743748534,30.7374195077807,76.8608601713047,31.0472082982471,76.6790877289274,30.9015133409174,30,0.75625780200773
"Punjab","Bilaspur",1168.40645,154.282760977835,76.37380289824,31.0016958813855,76.8791979736905,31.3726458509342,76.6324301899676,31.1593198243259,41,0.61683499613404
"Punjab","Jubbal",915.76033,126.753125425029,77.339800078795,30.5634375873394,77.7821029786646,30.8398828226234,77.5554791774425,30.6964960963581,23,0.71626599898431
"Punjab","Kalsia",594.47179,105.982302281884,77.1957226290191,29.964718109968,77.5337764624726,30.2873999056274,77.3438072552871,30.146237638061,25,0.66508080394298
"Punjab","Nahan",3850.89708,308.437912640467,76.7421720354667,30.2026219909003,77.8029725255435,30.8339049271021,77.2748637934386,30.5194013301997,78,0.5086701635686
"North West Province","Garhwal",12231.03339,571.900830053614,77.7773431922024,29.9934708604155,79.4134861757951,31.4003852942453,78.5601296020517,30.7188107524147,88,0.4699282591591
"North West Province","Garhwal",14559.33543,613.112016855842,78.1527367010335,29.4586640804918,80.0613140476717,31.005047857736,79.2250387771104,30.238904973624,158,0.48671166972274
"North West Province","Bijnor",5739.39411,321.070324445372,77.8816443970684,28.9903152729059,78.806634878944,29.8744042628182,78.3004481103584,29.3668020344376,103,0.69964152583075
"North West Province","Tarai",3412.42363,325.579971750138,78.7605680735213,28.7734812301097,79.8283766914325,29.5558675131566,79.2730850430237,29.1370299721379,78,0.40453624808966
"North West Province","Almora",17439.40971,693.526431716361,78.9787250651198,28.9018496692627,81.0469719025475,30.7798004319926,79.9661606367998,29.7571408162265,150,0.45563346020331
"North West Province","Meerut",4944.43699,294.509558604347,77.1018453367972,28.5211578094262,77.9939376987119,29.1621815955988,77.56527157081,28.836158452436,66,0.71635438124539
"North West Province","Muzaffarnagar",3930.3899,302.519765698478,77.0904068723002,29.0686867336102,77.9596287486276,29.612499081987,77.5176227530027,29.3385668117097,70,0.53968206880089
"North West Province","Dehra",2877.92265,286.618859969283,77.5854915337349,29.8596464047653,78.2404070260129,30.8266620697172,77.9471401128721,30.3229766749343,58,0.44022981622152
"North West Province","Saharanpur",4966.58338,301.811251334544,77.1472658932921,29.4805573484407,78.1458917002167,30.2649490490514,77.6433314372199,29.8397493711144,57,0.68516748125229
"North West Province","Budaun",7983.52186,421.161243660181,78.059885840281,27.580276823212,79.4848555812801,28.5179754672551,78.8179043189588,28.0316894294117,93,0.5655976340218
"North West Province","Rampur",2706.73341,225.537415105542,78.8784221235403,28.3753414579977,79.4219014685522,29.1023544091943,79.1095559551057,28.7834246911759,46,0.66867971837359
"North West Province","Moradabad",7005.61661,373.470329286972,77.9626970403406,28.271066704943,79.0090375056118,29.2587363044604,78.5074921045235,28.7243597595508,85,0.63116661819818
"North West Province","Kheri",7392.23967,421.316718733778,80.0549041650442,27.6468884449174,81.1730606491417,28.6738570902348,80.6722111243795,28.0838887905661,104,0.52332142688397
"North West Province","Pilibhit",4177.57594,329.229453175066,79.6153387287915,28.1490197728473,80.494981502075,28.971325641983,80.0146793800192,28.5757103598807,78,0.48432496541915
"North West Province","Bareilly",4161.79159,286.386536965462,79.0178345309091,27.9847712254796,79.807751132303,28.8114563843623,79.4512884757063,28.4031299489792,71,0.63765386544532
"North West Province","Shahjahanpur",4849.14881,352.686633079573,79.374044919565,27.4875892784453,80.4308557399495,28.3948251347885,79.8758149682779,27.950422148008,89,0.48988864756212
"Rajputana Agency","Bickaneer",62156.04098,1238.22461693476,72.1024934689674,26.916887855881,75.6106837077486,30.0658697568849,73.8127935865824,28.4496337423979,206,0.50944152359013
"Rajputana Agency","Jeysulmere",43813.25075,1024.66890922017,69.5034028555334,25.885517510873,72.6222428990876,28.191954979361,71.0598531807245,27.0259260940729,154,0.52438254056525
"Rajputana Agency","Jeypore",39897.47637,1532.21169159077,74.629544639006,25.530092823702,77.1724723325324,28.3732373010243,75.7953961182952,26.9396456554906,378,0.21355893499307
"Rajputana Agency","Ulwur",8263.24722,506.664608071837,76.0661436536814,26.8905401328378,77.0860200141617,28.0942990291253,76.541269453052,27.42731725383,122,0.40450088190989
"Rajputana Agency","Bhuratpore",6146.97888,448.478977780142,76.8032010654755,26.6400765170501,77.9069605377113,27.7180406624188,77.3034645400316,27.1556089347641,88,0.38404967706096
"Rajputana Agency","Dholpur",3084.19641,291.488120744339,77.2572268028684,26.2706218430921,78.3299048072862,26.8977835021885,77.7337683143138,26.5933362220638,44,0.45615261750486
"Rajputana Agency","Kerowlee",2916.20061,281.575559686489,76.5735669909823,25.913201392392,77.388118265007,26.7133799916136,77.0131800142733,26.2658475334081,58,0.46220788311337
"Ajmer Merwara","Ajmer",6078.49126,434.723309821612,74.1490192475711,25.5938408875265,75.3960273529506,26.5115778363867,74.7259824383865,26.0189641496399,75,0.40418464008893
"Ajmer Merwara","Merwara",1534.10856,186.776323160707,73.7647558905244,25.2156072365117,74.2861176645642,25.8897040805709,74.0158191821041,25.5566870450704,22,0.55261454679107
"Rajputana Agency","Kishengurh",2062.97535,274.885446176765,74.7610062901346,25.746488040244,75.2109856698873,26.7800638580915,74.996914888019,26.2888417832807,63,0.3430839556448
"Rajputana Agency","Lawa",107.5699,39.53799665821,75.4980959786402,26.141573226782,75.6235102608956,26.2660146682192,75.5525245465183,26.2076169212707,14,0.86471168082744
"Rajputana Agency","Shahpoora",1518.18033,153.58683646286,74.683556300454,25.3742440838379,75.1665471594369,25.7756776159186,74.925379479371,25.5900015970601,31,0.80877037265511
"Rajputana Agency","Boondee",6270.92272,436.37476572253,75.3162288579459,24.8636852830394,76.4576941393779,25.9390179113437,75.7716624552664,25.3534110787746,114,0.41383008032462
"Rajputana Agency","Jhallawar",4983.79095,573.188287075178,75.5598264392535,24.0335985823684,77.33809079402,25.3195410103199,76.5147151033503,24.5927869956862,111,0.19062289777509
"Rajputana Agency","Kotah",8781.7387,439.789227357984,75.6087129302696,24.4236859503512,76.8618607626436,25.4773466310169,76.2763845452689,24.8943464603591,110,0.57055984087629
"Central India Agency","Mehidpur (Indore)",2312.88844,267.707673131564,75.3870612932236,23.0714144925273,76.2113559391804,23.7389691647334,75.8318010317888,23.387792302038,49,0.405548603503
"Central India Agency","Jaora",1400.7377,233.665208957645,74.9204476397903,23.4360706042974,75.4764021873545,24.2196142474572,75.2068207074685,23.7282103168132,41,0.32238778134741
"Central India Agency","Sitamau",567.64552,102.191787983875,75.162533317412,23.7497315009697,75.5275715970102,24.0052393645986,75.3173710082876,23.8740254043905,16,0.68305406415287
"Rajputana Agency","Oodeypora",30239.47544,1303.68625422703,73.2078760420929,23.5117399299854,75.6500314062845,25.8086879215418,74.2955334444187,24.6954863571555,286,0.22358257021304
"Rajputana Agency","Partabgarh",2316.52542,218.289808936965,74.4551870226301,23.418910528468,74.9185560906758,24.1195403308102,74.7141889171953,23.764758008506,51,0.61091390931785
"Rajputana Agency","Dungarpur",2263.89029,240.861097249269,73.589474439879,23.2802146753691,74.4186073724198,23.8204569213349,73.9886467597851,23.5760818993313,46,0.49037906310616
"Rajputana Agency","Banswara",3147.38677,240.886481388823,74.0684104453419,22.9675884370132,74.6727980404753,23.7105304519335,74.3713709632258,23.3396872292884,45,0.68160869617864
"Central India Agency","Mandsaur (Gwalior)",4863.13884,627.484264448192,74.6700443751087,23.5162323252077,75.6797791988313,25.0494556142695,75.0247975736633,24.2950521641053,117,0.15521041282802
"Central India Agency","Rampura (Indore)",3725.51943,308.278570067131,74.9484928919968,24.0148583714513,75.8119601876923,24.6269451094866,75.4007282008275,24.3070332017871,66,0.4926177150009
"Bombay Presidency","Palanpur",5091.76337,346.945183720174,71.6985412667166,23.8967117909785,72.8324745905564,24.5622747134093,72.2929491333157,24.2376103784878,67,0.53156496599297
"Baroda","Kadi",7518.67083,388.741609523553,71.9416003749519,23.0015571287744,73.0202578917694,24.0084190891592,72.5330136773836,23.5202100182871,67,0.62521426555929
"Bombay Presidency","Kankrej (Thara)",1625.16732,163.30288480835,71.6342593586021,23.7640179133666,72.2264199905233,24.1602964049768,71.9265074193423,23.9532457001547,35,0.76580858584141
"Bombay Presidency","Cutch",19527.36895,913.439578097826,68.430738272636,22.8346564445939,71.0548692529086,23.9445604327708,69.6726415956736,23.4008598405422,245,0.29409926951104
"Bombay Presidency","Suigam",230.139,72.503669168421,71.3229481952183,23.9757170673437,71.4838845525541,24.1840981532647,71.4009458848423,24.0713658419737,20,0.55014872768602
"Bombay Presidency","Wao",924.29206,141.215256682509,71.2637288136336,24.1257964985603,71.5700207975783,24.5746467285291,71.4223811887888,24.3488071682528,38,0.58244623809466
"Bombay Presidency","Tharad",853.52091,139.625470767886,71.4686457871314,24.1207735926668,71.7857143349723,24.5569726339387,71.6431575099246,24.3618142180527,25,0.55016724224171
"Bombay Presidency","Diodar",908.07151,129.588845056857,71.4622204208611,23.9009155324671,71.8587283817807,24.2530516518457,71.6353957917364,24.0925963070517,33,0.67950815637392
"Rajputana Agency","Jodhpore (Marwar)",87137.46539,1673.80067962578,70.1306068699162,24.4806170018361,75.2078031821851,27.5513160732088,72.7395292866015,25.9754574726755,332,0.3908474722294
"Bombay Presidency","Bantwa",832.41134,159.995377015336,69.9748738865705,21.2863996822705,70.5649421827194,21.7450118723185,70.2584834525194,21.5142244624177,39,0.40863257530208
"Baroda","Amreli",3728.53649,485.480599089068,68.9776816722261,20.7750794744758,71.5020575920614,22.5244015427549,70.643531677256,21.5291246873739,93,0.19879456360087
"Bombay Presidency","Porbandar",2013.78878,240.471525826868,69.3646724537466,21.36062669555,69.9416904403839,22.0772762325431,69.694467266218,21.7663663290922,57,0.43761929486162
"Bombay Presidency","Gondal",2605.48133,352.604301813931,69.970459044698,21.5959970102764,70.8557001771941,22.1770004835569,70.4294601541413,21.9059468853709,77,0.26334350821437
"Bombay Presidency","Jetpur",225.33226,63.409246092713,70.4455431506867,21.6857489541045,70.659390497055,21.8302019601078,70.5619986918284,21.7638692809235,16,0.70425196290943
"Bombay Presidency","Virpur",157.72214,55.269861840014,70.5025860464721,21.8150874404225,70.659390497055,21.9774455192476,70.5778350558373,21.87676989265,12,0.64882229165827
"Bombay Presidency","Kotra Sangani",869.60673,142.482664468169,70.810043300918,21.7272375771133,71.1033354806847,22.1680140222637,70.9423092681,21.9570932932918,36,0.53828056440388
"Bombay Presidency","Nawanagar",7744.2711,757.734331805145,69.273374316366,21.8302019601078,70.842741260137,22.9222250199533,70.0378587834388,22.2752738540115,182,0.16949484028212
"Bombay Presidency","Dhrol",673.22835,115.593337117027,70.3289708858592,22.3263069481868,70.6128889388716,22.7048511392764,70.4632589788968,22.5218703277073,28,0.6331500649708
"Bombay Presidency","Rajkot",149.04664,48.884233292895,70.7105538335886,22.245723003388,70.8583829415704,22.3655748726337,70.7854978109233,22.3028558001097,11,0.78378045126843
"Bombay Presidency","Khairasra",1002.88649,152.882734481663,70.4007320396262,21.9774455192476,70.8544026226046,22.3884215440743,70.5940460702369,22.2023469347035,29,0.53919363969526
"Bombay Presidency","Radhanpur",2428.18772,215.100396667103,71.4241315303395,23.3896042937026,72.1087308601503,23.9257197633435,71.7500022506342,23.6369444055846,55,0.65949225649609
"Bombay Presidency","Wankaner",1527.77123,194.241069892837,70.7945822000236,22.1257738148697,71.1274011566804,22.8013593768662,70.9377896027533,22.48315364295,39,0.50884565271224
"Bombay Presidency","Morvi",2050.14619,198.400791204167,70.5445708143833,22.4781260695494,70.972460271098,23.17102998596,70.7544464773872,22.8469819353625,44,0.65449735284845
"Bombay Presidency","Malia",388.9215,86.514719189138,70.7788996887775,23.0240754453696,71.0888205162821,23.2127856171189,70.9500361864934,23.1160314528815,18,0.65296787266562
"Bombay Presidency","Dhrangadra",3493.62747,266.583396459285,70.9504416685103,22.5928668085746,71.7434151902596,23.2233997653167,71.3281381762474,22.9460778517735,60,0.61776068220655
"Bombay Presidency","Bagasra",737.39494,117.650379649174,70.6504756362568,21.3606257444515,71.0257638800149,21.6414859164501,70.8627127725891,21.5210130677707,26,0.6694580274418
"Bombay Presidency","Jafrabad",223.30029,60.575969619714,71.1918453231811,20.8944674361378,71.3768387495581,21.0383290349607,71.286681037584,20.9700000785395,17,0.76471286002888
"Bombay Presidency","Junagarh",8884.77537,802.685803452817,69.8574802763158,20.8007460058755,71.5599358143771,21.89266001943,70.5918493015621,21.2997204488285,165,0.17328666845853
"Bombay Presidency","Palitana",619.20694,124.755070623278,71.412570391206,21.4049644541676,71.8074427897266,21.7039287670961,71.6250743379123,21.541690031089,25,0.49995310086873
"Bombay Presidency","Jasdan",1016.27697,132.874211367811,71.0151018522215,21.9451637715107,71.398743760153,22.2965508831938,71.233455051396,22.1007865370131,27,0.72333677863076
"Bombay Presidency","Lathi",1790.08486,231.598551230305,70.7209853314702,21.6126466132679,71.4776900138611,21.9701000891733,71.1287877300748,21.7887886533124,49,0.41938395020231
"Bombay Presidency","Eastern Kathiawar Agency",6689.5542,495.179222113344,70.9920819901642,22.1510348074633,72.0902441469548,23.4288932704015,71.5913920208531,22.7013861597455,117,0.34283268059847
"Bombay Presidency","Bhavnagar",6114.38339,526.970181325311,71.3539472525213,21.0342856223053,72.1276281423465,22.2962138702782,71.6870201605142,21.6480121353333,111,0.27668807911378
"Bombay Presidency","Mahi Kantha Agency",8227.77468,653.945916555526,72.7258498700702,22.8798585044162,73.8262612462885,24.4269785134762,73.234626967616,23.6348653227018,127,0.24177343980721
"Central India Agency","Dewas",2010.60021,376.373101985025,75.0423012064559,22.1959163660331,76.6081364799778,23.8229502422262,75.7738147334311,23.1682113583371,67,0.1783603975739
"Central India Agency","Ujjain (Gwalior)",3559.83411,299.179648719243,75.119551360127,22.7589345027589,75.9258262967295,23.5061603889476,75.4811579393968,23.1761968053541,58,0.49977615137217
"Central Province","Chhindwara",10620.4257,571.680088346929,75.751791624016,21.4329624909291,79.3525212063041,22.6602735110412,78.7628050859859,22.04981398371,109,0.40836231499268
"Central India Agency","Barwani",2850.2707,245.870975296557,74.4003258663436,21.5243538916462,75.1625065757239,22.0266959886075,74.7950588023547,21.7944731408553,50,0.59249057334563
"Central India Agency","Mathwar",587.32257,97.883496153015,74.0753217518743,21.7778744541176,74.4214298432022,22.0163397882986,74.2324269241742,21.8884658904934,18,0.77031368092124
"Central India Agency","Sailana",835.03664,167.604145826118,74.6167201460603,22.9820467498184,75.2241573798464,23.2572080649582,74.8959306749303,23.1151041697325,41,0.37354754269543
"Central India Agency","Rutlam",1974.77445,235.140468262942,74.5300822670772,23.0251177659599,75.2644592352495,23.5246336542376,74.8997388831249,23.300631128083,56,0.44882041919239
"Central India Agency","Bori",144.97108,52.068642521792,74.6120130177091,22.4512147539974,74.7683456771973,22.5911154305235,74.6726067625292,22.5112165161724,13,0.67195275912277
"Central India Agency","Jhabua",2657.44194,332.594879785909,74.3389671231813,22.4606362462751,74.9778291996192,23.1354429628901,74.6375142369927,22.7884597670213,64,0.30188569198146
"Central India Agency","Jobat",568.92757,98.150883823323,74.4098322546039,22.2389760553596,74.7226173383227,22.4943436943332,74.5461746371888,22.3719264787138,22,0.74212731611166
"Central India Agency","Ali-Rajpur",1969.16458,234.418839150308,74.0490650517489,21.9180683578743,74.5674106218427,22.5601856979495,74.306270221209,22.2414456727644,49,0.45030509191936
"Central India Agency","Indore",14570.68971,1077.19560572611,74.623697025034,21.3067850158231,76.3720001886955,24.1371361848316,75.6328024203793,22.1522054113889,213,0.15779775775074
"Central India Agency","Dhar",4589.35696,582.317644401528,74.748905205403,21.8754424320656,76.4516265311044,23.049992470083,75.4412419351159,22.4474330620778,113,0.17007551840813
"Central India Agency","Kukshi (Indore)",747.95346,115.523679645143,74.4244887313725,21.9447938010687,74.8012797924995,22.1921784288564,74.6129689320227,22.0603879806662,25,0.70427522916563
"Central India Agency","Amjhera (Gwalior)",3361.50217,398.578272800594,74.562819835535,21.9908705315521,75.6366989294552,22.8678631436014,74.9844976144864,22.4235287063732,75,0.2658985803848
"Rajputana Agency","Tonk",8436.06395,1064.97624276002,74.2154439223187,23.7029439163137,77.8969356594092,26.3054082616198,76.1953458631491,24.6780867301804,248,0.09346949318272
"Central India Agency","Khaniadhana",634.1046,142.060621722319,77.7775487100669,24.8236984214915,78.323535892109,25.2826243294072,78.0621604804332,25.0157930443936,22,0.39484200007232
"Central India Agency","Datia",2659.82262,345.069808501012,78.1572082834139,25.5098233208279,78.986381386439,26.3160208940768,78.5181759979868,25.878450176821,48,0.28070400829591
"Central India Agency","Samthar",511.75933,107.634823841295,78.6062217613741,25.5900324340366,78.937190109993,25.9137180782224,78.7927862559827,25.7438576098626,15,0.55509845817919
"Central India Agency","Gwalior",45147.12807,1768.28936292456,76.4169010789703,23.355028334918,79.029942887047,26.796681576572,77.6879641892288,25.2774681210488,276,0.18144011982776
"Central India Agency","Nemawar (Indore)",2051.85434,193.689295646412,76.4201927814308,22.3164442459173,76.99266249958,22.8361849797759,76.6969268141472,22.5993277328457,33,0.68729811181377
"Central India Agency","Bhopal",17388.31898,763.627661724398,76.3514984487644,22.564267974102,78.7174209966352,23.8423657338721,77.5637479723649,23.1573122237572,132,0.37471765767814
"Central India Agency","Narsinghgarh",1755.68606,291.846979217126,76.2326653604441,23.5920294460681,77.2039083484118,24.0128304852096,76.7127435216106,23.7866431360155,53,0.25902776561737
"Central India Agency","Khilchipur",915.66132,119.754030311011,76.3230658149741,23.8634661448747,76.7018061142015,24.168500205083,76.5026793240666,24.0323384215072,23,0.80235110262192
"Central India Agency","Shajapur (Gwalior)",9410.92464,658.64676840836,75.6835591222342,22.5601537958484,77.1456978759502,24.0974520946713,76.3730422141479,23.3836401218565,119,0.27260701605237
"Central India Agency","Rajgarh",1268.44353,200.849855716432,76.5991932638016,23.6685839636022,77.1671944546572,24.0813835468107,76.8726962081909,23.908729695069,37,0.39512813515438
"Bombay Presidency","Panch Mahals",3246.78695,388.282576048212,73.4749417179772,22.1753114302757,74.437662146651,23.0619645824676,73.8819665218327,22.675937950044,69,0.27062496067853
"Bombay Presidency","Bariya",1719.93462,192.955257142308,73.7210836517031,22.3897536259016,74.3389671231813,22.8825018486094,74.0374686834039,22.6038204480955,42,0.58050848330886
"Bombay Presidency","Pandu Mehwas",248.98294,70.950884139011,73.3358717327327,22.5068050764033,73.5384816192074,22.7303696914697,73.4601705285189,22.5998578835241,11,0.62153248545656
"Bombay Presidency","Kadana",353.91233,82.626520245806,73.8237687364117,23.1361968759017,74.0684104453419,23.3727118195986,73.9194465884085,23.2415266688125,16,0.65142832289453
"Bombay Presidency","Sunth",1111.98354,138.364217711241,73.8126795102435,22.9137662421122,74.2795179195045,23.2802146753691,74.0538310412089,23.0759556474124,23,0.72989542062312
"Bombay Presidency","Sanjeli",231.6371,67.223411936105,73.9144266925238,22.8176287318272,74.1582441833664,22.9537319131607,74.0303102203856,22.8999994372104,13,0.64413498417808
"Bombay Presidency","Kaira",3698.81301,351.36401658952,72.6574151214488,22.3142383043483,73.5593216105993,23.066600127337,73.1256760824731,22.705657711634,70,0.3764936666159
"Bombay Presidency","Balasinor",524.52577,124.146691367104,73.3682821644633,22.7997685338998,73.6828863305667,23.1838228971567,73.5151384607999,22.9966595898791,24,0.42766764225171
"Bombay Presidency","Lunavada",997.04595,150.512013590028,73.5408060887763,22.8707509862671,73.9085613838092,23.3727118195986,73.7232169232688,23.0557793668736,22,0.55307331789816
"Bombay Presidency","Ahmedabad",11881.10372,957.871502505377,71.3413768264235,21.3974368464683,73.547036054876,23.4949400669545,72.2861422781756,22.6479922012993,231,0.16272420017041
"North West Province","Lalitpur",4746.61701,320.540628270816,78.1467846771362,24.1806963412137,78.9949875647972,25.0730003423948,78.5168582877675,24.6148281585667,38,0.58053430396722
"Central Province","Saugor",11780.86272,579.083045964722,78.0661449456048,23.0941321476708,79.3287089823074,24.4207497916317,78.7688264069174,23.7864387117558,96,0.44147412961237
"Central Province","Makrai",248.83221,61.527659907045,76.9980794462378,22.0123945677422,77.1810631552442,22.200910584507,77.0998756508153,22.1103363884266,14,0.82599165677433
"Central Province","Hoshangabad",11775.54295,682.267612848629,76.6702793908302,21.8982608861212,78.7579030952308,23.0325946775161,77.7288964378038,22.4888483590201,130,0.3178932403483
"Berar","Akola",7370.53026,369.958411696774,76.4202110793783,20.1560244344949,77.4502837833857,21.181816391502,76.9185319915926,20.6839299368036,52,0.67671029707223
"Berar","Buldana",6303.02166,410.29913204952,76.0030258083553,19.8201233835264,76.8299714904899,21.0760053507322,76.3946777196733,20.4592421906162,63,0.47049765888698
"Berar","Basim",7315.80591,572.112660513405,76.6213742517688,19.3454565883627,78.327998669862,20.491006368609,77.5122842632364,19.938577271812,91,0.28087230722486
"Berar","Yeotmal (Wun)",9697.00718,488.238523109826,77.6112632950384,19.6548953778261,79.2289933924907,20.6565496363317,78.3439430619263,20.1592089499686,70,0.51119134820065
"Berar","Amraoti",5820.61373,408.908865604768,77.3672922442259,20.4265563536731,78.504985106487,21.4770518224123,77.8899543953592,20.8888848393046,57,0.4374471483771
"Berar","Ellichpur",6977.2202,405.200586902064,76.5673952374365,20.7196706449502,77.7959094668637,21.6489306878084,77.2581158399119,21.2282414763483,49,0.53401340902332
"Central Province","Nimar",10862.93665,533.641198910964,75.9606601615975,21.1119006086612,77.203588510368,22.4320522015576,76.5153418417229,21.7867327862132,89,0.47935626571375
"Central Province","Betul",11635.65664,496.499938176916,77.1310557219484,21.2507127878493,78.5338805836238,22.3663883835303,77.8794581305405,21.8158890008998,84,0.59314703457333
"Central Province","Damoh",7797.85177,414.018843410355,79.1858455844086,22.9980522224926,79.9327082247411,24.4002393369909,79.5491077576583,23.6911877733252,46,0.57166897558367
"Central Province","Narsinghpur",4892.44538,322.617862714386,78.5952450343226,22.4946056975812,79.5813872847113,23.1714051916806,79.0607536263389,22.8543738430589,52,0.59068919972352
"Central Province","Jubbulpore",9479.51094,536.353049654078,79.5020324556581,22.7941520593139,80.9615048726153,24.1137286803686,80.2063042563228,23.4845507493161,92,0.41408956615338
"Central Province","Seoni",9289.13581,484.234242652493,79.2040651782963,21.540658787648,80.2682367124253,22.8707613324059,79.6745661103159,22.2872740976707,91,0.49782211085833
"Central Province","Mandla",14068.63773,708.631867302693,79.9414175304328,22.1790221201694,81.7295343851721,23.4038678212425,80.7765300685989,22.7270788337992,141,0.35206313599377
"Central Province","Wardha",6395.50603,362.31206008188,78.1019870510871,20.2850034525912,79.3262267351458,21.2176879861895,78.632920323645,20.7262896703822,45,0.61223646972622
"Central Province","Nagpur",9713.35375,465.32386821779,78.3484283948685,20.5676953098491,79.6750829470525,21.7016875692269,79.0991494327613,21.1439547564084,87,0.56372644718845
"Central Province","Bhandara",9477.3994,471.099576618892,79.5046472036184,20.5632853484366,80.646498028761,21.6185522876362,80.0276853770104,21.0953482909531,76,0.53662835854079
"Central Province","Bilaspur",19587.58106,727.861193551147,81.2736366988703,21.5610808291305,83.105413087331,23.1187188635298,82.2507162373887,22.2883058324858,116,0.46461533537443
"Central Province","Chanda",22979.9897,1095.81075550094,78.8027968057773,18.0945125034328,80.873099239582,20.7144581269586,79.9905520641455,19.8595472973235,161,0.24048532304146
"Central Province","Raipur",33549.35233,1177.70220026499,80.4520739705506,19.8466684654004,82.9981045211392,21.8652289074927,81.8358686932083,20.92653631648,188,0.30396461641426
"Central Province","Nandgaon",2508.63166,391.333775274566,80.3972366289376,20.6973035074828,81.3969927900952,21.6779692053357,80.8336479020482,21.050677355852,66,0.20585058133833
"Central Province","Chhui Khadan",427.79428,83.579097080654,80.9196324994426,21.3552673241278,81.2230271647257,21.5089212240069,81.0770423009022,21.4399228520443,12,0.7695724003437
"Central Province","Balaghat",9949.73014,521.195513193387,79.5026701271833,21.2519687924274,81.0841460466593,22.3654715529655,80.368525346925,21.848546799786,88,0.46027758837634
"Central Province","Kanker",4434.96913,348.101674202222,80.6033562247666,20.0178309164432,81.8655393363401,20.538780258655,81.3077846704014,20.2418004821307,54,0.45992629683146
"Bombay Presidency","Chota Udepur",1883.76328,192.217249434222,73.7704982175207,21.8925320321568,74.2534679720021,22.4361073046882,73.996646372362,22.1915011128505,37,0.6406952056451
"Bombay Presidency","Combay",1371.87097,161.094724139645,72.2981666695889,22.2126409864721,72.877067530895,22.5653264330751,72.5902623190553,22.3706823488558,51,0.66429425402985
"Baroda","Baroda",5101.17143,360.818159498846,72.7922082965034,21.7921772058035,73.8033692366516,22.6292757050274,73.2866880493714,22.2012672967836,64,0.49238295375361
"Bombay Presidency","Surat",3799.69154,532.894109551609,72.5974964477571,20.3340213012402,73.4611653859154,21.4569191421836,73.0053162755615,20.9955052325999,158,0.16814206093288
"Baroda","Nawsari",4572.12586,481.604091109288,72.7187074300173,20.7851767321127,73.9152687916354,21.5246121247949,73.3535412255929,21.1559977517385,98,0.24771237666357
"Bombay Presidency","Sankheda Mehwas",983.91779,151.121593902911,73.5377782640123,21.7483841660458,74.1292079338339,22.0656080527909,73.8349483083598,21.8993750266862,25,0.54139672884281
"Bombay Presidency","Mewas",1120.45967,153.346180763646,73.8641085606323,21.3257718311707,74.1919489903399,21.8152018356054,74.0165087839388,21.5806017544341,28,0.59877018152008
"Bombay Presidency","Broach",3794.35489,357.800050214381,72.4988897745879,21.3999942443782,73.1578702100327,22.2679654967889,72.8343106358349,21.8370598443713,115,0.37244917615547
"Bombay Presidency","Rajpipla",4027.49787,269.701335054713,73.0517236947556,21.3299961138713,73.9028554821401,21.9318584688234,73.510388348398,21.6259707713056,48,0.69579129562398
"Bombay Presidency","Khandesh",21723.20573,918.866790117718,73.6530469922208,20.3541110548877,76.4209475828441,21.9007016585987,75.0265160658322,21.0945306051821,135,0.32331709518138
"Bombay Presidency","Dangs",1539.94808,159.295849659422,73.4375500629563,20.5806163425172,73.9840737888463,20.9808015653454,73.7100131448324,20.7845394669145,21,0.76261794619479
"Bombay Presidency","Bansda",1285.52088,205.307781626389,73.1764280702811,20.4011575511895,73.8147178972515,20.8308308248132,73.4818544978023,20.6154770160646,47,0.38324648387625
"Bombay Presidency","Dharampur",1659.94817,164.043188954176,73.0493984432537,20.1687799558537,73.5247852202834,20.674721981894,73.275361164016,20.4175108857149,28,0.77515398537618
"Bombay Presidency","Nasik",14386.13222,600.064749740985,73.3865601723916,19.5752373265395,75.0027250735019,20.9118774751096,74.1780154925689,20.2951505301159,91,0.50206238058241
"Bombay Presidency","Jawahar",601.43473,131.528390239308,72.7319745946366,19.8157504874381,73.4579058935565,20.0424872334122,73.2088931797329,19.9309915312706,33,0.43687717911317
"Bombay Presidency","Thana",11483.21059,738.758003822482,72.6453592101432,18.8643871606572,73.8445073828897,20.4410005527473,73.18851593134,19.6291044930909,222,0.26440447140205
"Bombay Presidency","Ahmednagar",15036.86763,852.286020494425,73.7418585450928,18.3863650468482,75.6274735036565,20.0489153011092,74.7103734898891,19.2498712737785,144,0.26013363560184
"Bombay Presidency","Janjira",1074.68723,184.863072182156,72.9588922810714,18.0444530614617,73.3460341709647,18.6123643946144,73.14138321521,18.2840544162144,54,0.39517696482295
"Bombay Presidency","Kolaba",5156.1812,434.433339018225,72.9052320905332,17.8957073940962,73.7243882567215,19.2195028123989,73.3432022242577,18.5922187225594,85,0.34331418060777
"Bombay Presidency","Bhor",2714.27057,398.528364627474,73.3007916468607,18.0849154212864,74.1838995105053,18.8652743157055,73.7159052294421,18.407107759221,59,0.21475561476947
"Bombay Presidency","Poona",12906.66539,708.72533606713,73.4686483015427,18.0015570455775,75.1945610301207,19.4214764719715,74.2090852114071,18.6656572076228,133,0.32289996488947
"Bombay Presidency","Phaltan",1083.56124,132.315473087249,74.3103867802186,17.8754976989927,74.7568669986604,18.1493518893422,74.5513803199157,18.0255531190481,19,0.77775364881909
"Bombay Presidency","Sawantvadi",2396.84539,248.309315875952,73.5452796071653,15.7827538467663,74.1628619284557,16.4405339023753,73.8587734214984,16.0917635096364,58,0.4884992011421
"Bombay Presidency","Ratnagiri",11111.79012,556.611461350924,73.1205271874535,16.0539286438464,73.9682301570429,18.1020685096921,73.5621286202293,17.1285758170933,125,0.45070212361305
"Bombay Presidency","Oundh",1068.10642,138.661069845825,74.7910159058953,17.2703413699678,75.2043085704271,17.6641296689551,74.9791717378062,17.4695763003811,27,0.69809623351001
"Bombay Presidency","Satara",12662.39452,494.599320946891,73.6418377550369,16.9500255471915,75.0230459485308,18.1355521369598,74.3077706202894,17.5577637766695,77,0.65045712164632
"Bombay Presidency","Miraj",1443.70835,243.932928426712,74.5971248326693,16.6548103261598,75.2667899161786,17.2860462163437,74.8872373432468,16.9235979452687,49,0.30489371523576
"Bombay Presidency","Kolhapur",7500.88241,543.016374598342,73.7908492936861,16.0545006877894,75.0926822420195,17.2391757452359,74.286811424889,16.5984769372588,101,0.31966594301082
"Bombay Presidency","Akalkot",1001.7401,135.425424446989,76.0261712710883,17.3888037815109,76.3596244433691,17.7833804499335,76.2197087130654,17.5710891224815,23,0.68637982678754
"Bombay Presidency","Sholapur",11560.12926,922.892984463242,74.7407615677642,17.2085089543478,76.1236941087881,18.6389362645366,75.460255867369,17.8919399695854,160,0.17055712436213
"Bombay Presidency","Kaladgi",10886.81491,558.420036148126,75.5066517784373,15.8585566755127,76.3965746713653,17.4538108395812,75.9492026385211,16.6196884971989,88,0.43872129865832
"Bombay Presidency","Ramdurg",1510.42183,163.420377765559,75.1354151729994,15.8628957738801,75.604697839827,16.2861748567561,75.3784969171416,16.0622023363123,33,0.71071535413875
"Bombay Presidency","Mudhol",941.9478,128.341859178235,75.163944746498,16.2595855963668,75.5944671096197,16.5384660304527,75.3847898533082,16.4153264267906,20,0.71862123819154
"Bombay Presidency","Jamkhandi",2919.46624,411.514728456107,75.1602350151357,14.9867926008744,75.8402422317627,16.92960308731,75.4980760564344,15.8813679230473,81,0.21664194879732
"Bombay Presidency","Jat",3276.68386,359.392820684634,75.0451030350024,16.8842836291091,75.7668062527756,17.6796958417363,75.4771042289102,17.2031301866596,69,0.31879067633503
"Bombay Presidency","Sangli",1948.72483,388.675276174289,74.5153435168816,15.7894392236195,75.1088109041938,17.3001295346239,74.7962704819301,16.5569797413793,72,0.16210131991326
"Bombay Presidency","Kanara",10088.79335,473.380002941552,74.1423902836428,14.215058473736,75.192547828708,15.5210628155515,74.6593349930862,14.9099705808944,89,0.56575613792447
"Bombay Presidency","Belgaum",12041.55429,1106.30431852139,74.0113152650127,15.4292756840588,75.6184745749452,17.0128321918249,74.8388927407078,16.1363789712691,205,0.12363550201724
"Bombay Presidency","Savanur",154.31672,51.128661721184,75.3145308038602,14.9636427812277,75.4825339411543,15.0772860149514,75.4062825800574,15.0099219008735,9,0.74181222487633
"Bombay Presidency","Dharwar",9666.53314,778.046658301865,74.9680531721727,14.3821999549337,75.9971339277525,15.9185847164048,75.4959494745659,15.2643931249284,141,0.20066393506142
"Mysore","Tumkur",11001.083,679.487980588438,76.2662495394749,12.8583178547517,77.4679447932223,14.4774183885247,76.912215868056,13.660323395594,101,0.29942064893707
"Mysore","Chitaldroog",10557.37638,619.130986432408,75.7137181322211,13.7629116029294,76.9585925346077,15.1579734105654,76.4213983231679,14.4137474369105,89,0.3460993538697
"Mysore","Shimoga",9532.27388,541.618678490173,74.6130357233402,13.5864098417849,76.031368953408,14.7935740627122,75.2798122223326,14.2349207717182,87,0.40833735323641
"Mysore","Kolar",7255.37514,464.157413760369,77.4215988094195,12.9041326913996,78.5446434033231,14.1138953871761,78.0115220056001,13.4970675693219,75,0.42319366036933
"Mysore","Bangalore",8111.17051,423.148266039936,77.0259817584449,12.4465820509107,77.9575063463038,13.6181504104402,77.4660410628515,13.0612091448518,62,0.56925684838559
"Mysore","Kadur",8202.3161,445.950672080913,75.1321773087097,13.1766881088312,76.3660582136812,14.2179562557333,75.6997689566518,13.6707253021407,75,0.51828987019403
"Mysore","Mysore",10302.59104,563.777096892815,76.0128482759118,11.7972558954038,77.2692762914255,12.8942298887097,76.6416867618712,12.3583260759203,98,0.40732537613145
"Mysore","Hassan",8274.46715,521.059203884424,75.590939100583,12.6357756412974,76.9182026137872,13.7093856256151,76.2368194929326,13.0828795607197,81,0.38297970220539
"Madras Presidency","South Canara",13051.66141,635.784649548963,74.3837460731745,12.1869689254122,75.653105251809,14.2251110622705,75.0145136143856,13.178347375525,106,0.40574725148318
"Madras Presidency","Travancore",23225.37365,890.295847744397,76.1698804513139,8.0669945250638,77.6054756085392,10.3888465298962,76.8843748375485,9.3529056593133,171,0.36821703609636
"Madras Presidency","Cochin",4568.4526,522.220421457286,76.0394407711072,9.93120742941849,76.992555254078,10.9550750366756,76.4289949009503,10.5566171090685,115,0.21050929935337
"Madras Presidency","Malabar",19063.60255,953.949711446009,75.0674027160725,10.2518711706884,76.9326332700951,12.4305918287916,76.034393626949,11.4767173198227,190,0.26324727061538
"Madras Presidency","The Nilgiris",3423.49907,272.603225618889,76.3037589726289,11.2408916289072,77.1691824803875,11.838920806621,76.7330458764626,11.554641010791,57,0.57891939210053
"Madras Presidency","Tinnevelly",14634.30567,544.854693843356,77.2160778933026,8.14226102370614,78.4037345347157,9.88338849859111,77.7676002859416,9.06818211694081,105,0.61947044756704
"Madras Presidency","Madura",22373.93668,825.376277311503,77.1849369801865,9.09204113108255,79.1640896639837,10.8648759829968,78.1860851505727,10.0161399990599,145,0.41271314726842
"Madras Presidency","Pudukota",3539.52787,331.947511800094,78.4885672289489,10.1585238523598,79.3093882935239,10.7845346768946,78.8989547080611,10.4722646571305,64,0.40366060363021
"Madras Presidency","Tanjore",7099.44721,496.599368586218,78.9802455450992,9.96391877650935,79.8012065348838,11.3804416035188,79.4729446926162,10.6917896013904,96,0.36176127196956
"Madras Presidency","South Arcot",11160.60268,445.614889530902,78.792549010535,11.1700052327739,79.9144149934298,12.3949027299227,79.3323442125436,11.8570362786324,70,0.70628197737145
"Madras Presidency","Coimbatore",22214.18089,879.10798179775,76.7500672927233,10.3012086366835,78.284650315922,12.4528873447259,77.4145811844402,11.3586046745375,130,0.36120663689883
"Madras Presidency","Trichinopoly",8163.1272,567.543205524996,78.2474683063893,10.3579015133095,79.5532234446966,11.4735451347852,78.8395182960586,11.0170357408381,86,0.31847003102332
"Madras Presidency","Salem",22216.32501,800.888369864625,77.4735949181322,11.0841803482337,79.1320998214426,13.0026140419519,78.2768171211824,12.0646479269838,109,0.43524932873891
"Madras Presidency","North Arcot",21053.20355,733.832985011969,78.2338850464524,12.2552389558276,80.0037684421626,13.9240557310587,79.2513409485591,13.0648016233758,127,0.49128510302411
"Madras Presidency","Madras",85.99857,39.970086620878,80.2216619260878,13.031384816977,80.3060369952114,13.1688973220143,80.2628324483556,13.1057645582967,7,0.67644255489889
"Madras Presidency","Chingleput",5618.56756,410.767745736316,79.7119908215843,12.1497088188136,80.3304700494139,13.6037979300221,80.0362501762465,12.8665091806762,95,0.41844925794708
"Madras Presidency","Sandur",253.13842,69.110334846784,76.4806439530333,15.0374773186019,76.6686780231167,15.2485676625928,76.5834285188177,15.1560678929583,14,0.66601182857735
"Madras Presidency","Bellary",14430.46139,924.712510464086,75.6877336775266,14.6408400587921,77.7942776869962,16.0406846498696,76.7657001849514,15.277735961399,142,0.21206871984156
"Madras Presidency","Anantapur",16400.03316,834.473939579484,76.8662173484365,13.7813948356463,78.2284818274864,15.3940827286331,77.6004750118957,14.599996234272,152,0.29595728436708
"Madras Presidency","Cuddapah",23521.32437,748.041362542395,78.0496219020525,13.3567091343565,79.590021264133,15.3550518061658,78.7899845134135,14.2835637707548,128,0.52822677346778
"Madras Presidency","Banganpalle",898.41526,158.466106625775,78.1962378202889,15.1830726823971,78.5931723863396,15.527521228588,78.3994020788216,15.3834483716559,34,0.44958748164865
"Madras Presidency","Nellore",19616.24716,788.925756991979,79.1892687419013,13.4457355729168,80.2946566113091,15.9399045188459,79.7579155805717,14.8805850063303,184,0.39605319248949
"Madras Presidency","Kurnool",19031.05722,943.393144013911,77.4465847346795,14.9524111360246,79.7120674001807,16.335780435163,78.5965318604506,15.6449370882675,155,0.2687121770943
"Madras Presidency","Kistna",20034.0855,934.389296545483,79.3038898377797,15.4973595752952,81.4961423657926,17.169026229755,80.468468907254,16.3579424310487,185,0.2883524706899
"Madras Presidency","Godavari",20692.06105,946.073533525379,80.7646857559453,16.3241029740275,82.4910412271174,18.2549678620342,81.6466168426865,17.1747839831764,174,0.29051183440474
"Madras Presidency","Vizagapatam",43020.71463,1317.99353127812,81.6189957531685,17.1803619547188,83.9902517000804,20.043619493921,82.8432033926032,18.5601892157056,177,0.31121529080639
"Central Province","Bastar",36542.52618,1015.05619064989,80.2667233494002,17.7814686437887,82.3160410451505,20.1096760199707,81.3275949193979,19.0761575959905,133,0.44568525100215
"Hyderabad","Sirpur Tandur",15005.04335,753.619884988003,78.0147497115256,18.7420201387002,80.1594649530032,19.9313626073203,79.1915166625765,19.3914981777663,118,0.33200331487415
"Hyderabad","Elgandal",16077.58498,788.848010867637,78.4916458906564,17.7590867287383,80.4575447035738,19.0446639179915,79.2990180273222,18.4847586244773,133,0.32467138094913
"Hyderabad","Lingsugur",10225.15042,513.214788513339,75.8299322061588,15.2519737933623,77.1044663467182,16.5525648900474,76.4511714864518,15.8499991080191,62,0.48784431132232
"Hyderabad","Raichor",6621.13529,486.061611630486,76.9141886415033,15.816449047433,78.3322290353044,16.7193201439136,77.5163233638538,16.2291260676637,60,0.35217593886481
"Hyderabad","Shorapur",12555.46664,600.121087630098,76.0880819701278,16.2753929864853,77.7287150382805,17.4219155724749,76.90446300939,16.8227988883957,80,0.43809162114363
"Hyderabad","Gulbarga",12501.26385,678.514265187787,76.0896183511239,16.6723836456819,78.2096062925131,17.9366661963247,77.1746212970142,17.3886995807732,112,0.34122891075514
"Hyderabad","Bidar",13483.38938,570.167075627724,76.3629836270237,17.5953488717748,77.9740470570781,18.7487561364551,77.2086546320221,18.1298708379225,104,0.52120031562114
"Hyderabad","Naldrug",9750.87373,742.000729140728,75.2121842423172,17.8658902044764,76.7878626342743,18.802030361009,76.0690309068757,18.3973486358093,135,0.22255878013423
"Hyderabad","Parbhaini",10381.10814,563.550044227454,75.9983592052369,18.849615604979,77.5945779124678,19.9643747125076,76.841934796882,19.4940381750979,111,0.41076043294371
"Hyderabad","Birh",10350.38791,570.333193959379,74.8765556174798,18.6389362645366,76.7782615219863,19.5032733255876,75.8233588705184,19.0511908632215,98,0.39986113376321
"Hyderabad","Aurangabad",17524.98435,613.836655557053,74.6406218314522,19.3539060444418,76.4479611509277,20.6601073398115,75.5748800381388,20.0052098327193,94,0.58446951623448
"Hyderabad","Nander",10344.10615,578.611752351623,76.7235998050169,18.5557829842151,78.1819882029751,19.6238702940272,77.5047617186299,19.0526742804466,121,0.38826507922226
"Hyderabad","Mehdak",4408.16679,323.805370600448,77.9281674489852,17.5587103556742,78.6940276285024,18.3464447147767,78.3000213056864,17.9322902051696,62,0.52832332761385
"Hyderabad","Indor",10631.66276,757.902567704532,77.3799400907571,18.0924764216809,78.9172939549096,19.522026896364,78.2196383712435,18.7696771910681,110,0.23258639077372
"Hyderabad","Khamam",25721.42236,1091.10367736907,78.8924276493536,16.5716427367854,81.4479097923461,18.4995276783207,80.1837448011703,17.6159049815049,167,0.27150185796403
"Hyderabad","Nagar Karnul",13310.53068,537.468290340178,77.838872459256,15.9106670187401,79.3233024669757,17.2220418245462,78.5297185531886,16.5115001450251,77,0.5790279677594
"Hyderabad","Nalgonda",11235.5117,612.662810470998,78.7186149859034,16.412187917921,80.014477551275,17.6626996527024,79.3508571450886,17.0598369876943,105,0.3761488017943
"Bengal Province","Balasore",5395.61277,551.480778116441,86.2562283222739,20.5965799625959,87.578082428041,22.0015040920297,86.8643595576614,21.3221732942627,124,0.2229409661162
"Bengal Province","Nilgiri",975.86382,136.452778071139,86.3580509924791,21.2353509672683,86.8051537630247,21.5808095742046,86.5982005550168,21.3865363628566,25,0.65861909382415
"Bengal Province","Mohurbhun",10005.05975,550.167632227579,85.7531253509752,21.1902242482063,87.066932429999,22.2548319139248,86.445427385028,21.7893489372654,84,0.41537416211065
"Madras Presidency","Ganjam",20636.38681,829.077519246471,83.4434792766575,18.2184751527339,85.3051466191577,20.3155816940683,84.3316140292155,19.4544797812539,160,0.37727084546365
"Bengal Province","Cuttack",7187.01735,514.653741018266,85.6866627827254,20.0650502754339,86.8011475028129,21.1166477938554,86.2496975894949,20.5680718366387,117,0.34097951541
"Central Province","Rairakhol",1973.09283,215.328087051856,84.0112749143102,20.8261456342382,84.700286953199,21.2783930461028,84.3667922518633,21.0423149616966,36,0.53475643274865
"Central Province","Bamra",5662.89743,386.038241630836,84.1128300507624,21.0539027434654,85.1213360534659,22.0143844090472,84.5173442298381,21.5028442083046,59,0.47751597171585
"Central Province","Sonpur",2906.25447,297.068160532438,83.3361680258095,20.4308520874864,84.1404509804379,21.0834050531021,83.7528624851905,20.8008122061106,54,0.41383887828943
"Central Province","Kalahandi",10079.08335,531.280806464256,82.6233146329686,18.949326715195,83.9493500611243,20.3350595466102,83.1853694890512,19.7299008831968,77,0.4487274604976
"Central Province","Sambalpur",11863.35187,626.404822386163,82.5640019361061,20.7456695107396,84.2676771428654,21.8455797429399,83.4566984188318,21.2796006377581,101,0.37993306492129
"Central Province","Patna",6400.65786,429.587337152883,82.681958010109,20.0350795586064,83.7114663450789,21.0102914492145,83.1285924952685,20.4897964425598,72,0.43584446417023
"Central Province","Raigarh",3176.60514,294.341008148202,82.9679935540753,21.6681662495746,83.6920764626097,22.4567016550855,83.3658375364059,22.0095693808127,49,0.46075658615654
"Central Province","Sarangarh",1787.16217,180.255610479917,82.9635133636731,21.2684517195583,83.4100740247046,21.7545350934286,83.1826401360325,21.5224938910516,34,0.69118808963326
"Bengal Province","Pooree",5181.5562,460.498654708958,85.0572015060184,19.6533593078055,86.3860105668713,20.3449579097633,85.721087752764,20.0099914830764,95,0.30705300031601
"Bengal Province","Noyagur",868.28241,152.99113819227,84.8087516920633,19.8608918775331,85.1852612301313,20.2903940527041,85.0272663647505,20.0672051119451,24,0.46616355482004
"Bengal Province","Narsingpur",380.33666,87.155972190936,84.9651195019443,20.3118606298575,85.2573828964708,20.4949968698051,85.1078367367929,20.3973903198382,21,0.62919280282201
"Bengal Province","Banki",792.09271,143.949600331094,85.3489377435422,20.2386264706981,85.9063697480831,20.44859339095,85.6250662367978,20.3373507468847,33,0.48035791853607
"Bengal Province","Atgur",417.97842,92.448548926861,85.6497468688314,20.412188025239,85.9343353975601,20.6379621250387,85.8128913416889,20.5093227211108,18,0.61455891538636
"Bengal Province","Tigria",493.20324,97.934060723906,85.3144947131861,20.3451187186797,85.650719692663,20.5185313349984,85.4782611225785,20.438621365179,27,0.64620194842058
"Bengal Province","Baramba",343.52919,82.54883050693,85.1398467154688,20.2566944294114,85.373057399694,20.4922178340096,85.2783323497542,20.3639458496807,24,0.63350734887775
"Bengal Province","Khundpara",614.84328,103.782899167226,84.9370912779829,20.1291065367634,85.3311797174372,20.327396605218,85.1308027411503,20.2324115940322,24,0.7173361214794
"Bengal Province","Pal Lehera",1285.32742,158.906773857712,84.9304647200706,21.0972735843048,85.3381820954883,21.5508682379223,85.1658272103264,21.3064359797951,36,0.6396447151922
"Bengal Province","Talchere",1085.713,143.948069018052,84.822276015722,20.8224345707851,85.218467318432,21.23323700393,85.0104978274239,21.054897904143,34,0.65843546253407
"Bengal Province","Atmullik",2388.8283,220.911646770495,84.2662594275286,20.4582440375083,84.8713105851473,21.0850109707328,84.598596943946,20.7859259882182,48,0.61511677946508
"Bengal Province","Bad-Kundmals",5043.83557,329.615508356618,83.5783781120741,20.1556764018976,84.6574439050447,20.8541127362462,84.1100840574888,20.4672361375703,54,0.5833853380211
"Bengal Province","Duspulla",1432.07927,180.797764708063,84.4525408791734,20.0188491962,84.9874059257977,20.4805303384571,84.7204320912512,20.2978036069146,32,0.55054244711167
"Bengal Province","Hindole",580.6166,97.166631620372,85.1471292813011,20.485386051466,85.421276591636,20.7461513551414,85.2761731178933,20.6087154920859,23,0.77279626299851
"Bengal Province","Angul",2123.6691,212.773029140464,84.7073250460341,20.4193807691602,85.2136992262287,20.9938188262177,84.958355195669,20.6683222683045,52,0.58947251244678
"Bengal Province","Keonjhur",7937.09223,526.919064344355,85.1609016560838,20.966620432703,86.3218779911525,21.9947510984391,85.6694369052348,21.457181177722,86,0.35923899001902
"Bengal Province","Dhenkanal",4077.60373,366.570366062549,85.0768936412037,20.4958501382084,86.0840393558402,21.1534803407342,85.5447025501231,20.806572884842,68,0.38132929910847
"Bengal Province","Chang Bhakhar",2842.36593,242.317358616332,81.4954409837452,23.4478175047212,82.3773177595246,23.8780610122552,81.9137733448234,23.6606539297134,28,0.60830417891612
"Bengal Province","Korea",3960.9572,293.624527163493,82.0879642370874,22.8322269652481,82.6913492048369,23.8211224071649,82.4201149717585,23.2901404012468,31,0.57733163110297
"Bengal Province","Oodeypore",2086.56814,263.384902836325,83.0559736830952,21.9523296734554,83.6130542750127,22.6809080256861,83.2591301268502,22.3616863729553,44,0.37797291509875
"Bengal Province","Jushpore",5244.41234,316.269607850894,83.3588299893918,22.1998709321048,84.261645476733,23.039062667919,83.8214124938023,22.672472337018,57,0.65885792492458
"Bengal Province","Sirgoojah",16599.8921,585.090060605595,82.5355927741245,22.5637948141866,84.0311550624056,24.1146276999014,83.1872023124706,23.3057373498397,85,0.60935403067061
"North West Province","Mirzapur",12339.2987,632.965351363938,81.8547517724305,23.8935578229419,83.4451576250858,25.3521928612842,82.7514676943253,24.659669130997,119,0.38702628993049
"North West Province","Allahabad",5419.14575,350.971507701411,81.1942291420234,24.9262867096086,82.2606635164979,25.6471102138525,81.7363295554024,25.3040626982954,67,0.55283683663877
"Central India Agency","Jigni",174.43471,49.032343313831,79.2973568614492,25.7264863830789,79.4427713233887,25.8646548138155,79.3714051399766,25.7979158178172,12,0.91175358544674
"Central India Agency","Beri",183.09627,55.635931901059,79.7080463851637,25.8830948972562,79.942386165847,25.9965508850707,79.8223830757103,25.9452383891514,12,0.74332481294964
"North West Province","Jalaun",3674.32111,253.825135714987,78.8927225227188,25.7644614835739,79.5944677823363,26.4174268791796,79.2393958250024,26.0642760938766,43,0.71666751249046
"North West Province","Banda",4931.09004,443.372614307238,80.2298704563383,24.9019486292823,81.2507633699427,25.7441966150255,80.6881450330277,25.2861727758862,69,0.31522094530751
"North West Province","Jhansi",4935.10313,505.493726095928,78.2540368341668,25.0551923864805,79.424646966768,25.8056496374369,78.9133767787688,25.4431530966257,62,0.24270267182717
"Central India Agency","Sarila",102.9754,38.829139332528,79.5372755308768,25.7465630215772,79.6740704744867,25.8348656939923,79.6111888282562,25.7872312776586,8,0.85827766208584
"North West Province","Hamirpur",6253.18241,503.642160971012,79.33171848871,25.0249367888395,80.3200459973138,25.9651976730549,79.7956770491251,25.5318357166858,85,0.30978957873841
"Central India Agency","Maihar",806.65278,118.668969766009,80.5414788395406,24.028418019117,80.931181805216,24.3389773757355,80.7510770802508,24.1669723331413,18,0.71981708953276
"Central India Agency","Ajaigarh",2071.82496,298.904616532056,80.0183780009243,23.9553391612585,80.5772593307233,24.9831644316413,80.2995151216715,24.4600413022323,53,0.29140545681554
"Central India Agency","Charkhari",2879.44865,421.572165565717,79.2016434567833,24.7677679286679,80.3594564944813,25.525595179741,79.7593119911254,25.1387637401242,71,0.2035988611586
"Central India Agency","Chhatarpur",3641.89808,314.731206284866,79.4811650273689,24.3571214334592,80.1075878338688,25.2232533225354,79.783445414034,24.8039967966604,54,0.46201708819637
"Central India Agency","Urchha",5300.56667,398.447196668233,78.4713095768531,24.5411342036082,79.2817425327737,25.513620574656,78.8659003096063,25.0154508427279,52,0.41955665519414
"Central India Agency","Bijawar",2161.25869,305.055405360464,78.8294338726921,24.302865627328,79.7200331187315,24.8024975047808,79.3108404607614,24.5667939837665,50,0.29184964310564
"Central India Agency","Nagode",1444.49537,208.435837752328,80.4307068128745,24.1472851913922,80.9540030509301,24.7379973714223,80.6652293903465,24.4464404128638,36,0.41781231213261
"Central India Agency","Panna",7308.98061,799.888007056455,79.0574537938882,23.8332705348465,81.0601472400735,25.267192903889,80.0822356453684,24.4494274228708,125,0.14355168785926
"Central India Agency","Jaso",297.43755,82.592952611843,80.4374491071386,24.2405599654681,80.5938492550059,24.563881929459,80.5067417166862,24.3895781175594,16,0.54792318615778
"Central India Agency","Rewah",33113.93405,1154.19160909632,80.4577464318586,22.7453266087466,82.7133870603896,25.1433785659221,81.5998228099619,24.0035874758696,159,0.31236676372547
"Central India Agency","Sohawal",241.63199,75.818600045612,80.5913010854456,24.4968070447082,80.8367153021572,24.7027488105992,80.6847817587645,24.5865134007589,13,0.52821749412055
"Central India Agency","Koti",530.39483,84.989811423828,80.567511564211,24.64597401774,80.831825047194,24.899788947933,80.7025306290595,24.7732114760264,17,0.92273164374874
"Central India Agency","Baraundha",592.04398,112.230702392039,80.4491717407022,24.7887951327511,80.7199649051572,25.1174052270025,80.5700629101688,24.9676041085435,24,0.59066395377432
"North West Province","Bulandshahr",3715.2602,280.798100736262,77.2685383808036,28.007348883164,78.1842681825568,28.6304012634922,77.7628491790964,28.3183568625022,53,0.5921214140488
"North West Province","Muttra",2465.87169,236.699856293744,77.4081181587123,27.1967126057279,78.1193595172472,27.844599681073,77.6417175673569,27.5010135647247,30,0.55307541035587
"North West Province","Aligarh",3967.47442,276.523835757685,77.4535168254356,27.470085545474,78.3084363720438,28.1578121760761,77.9200474325104,27.8189730894082,42,0.65201690284647
"Central India Agency","Baoni",380.96265,85.706982593391,79.6954411440258,25.9564999091448,79.942386165847,26.1909563240619,79.8210258078135,26.0653070778139,15,0.65171820824419
"North West Province","Etah",4596.08725,351.803180739821,78.1193595172472,27.2443140167227,79.2811066724784,27.9406942531064,78.675665813845,27.5446652808676,64,0.46665788177039
"North West Province","Agra",5063.26029,445.280468136345,77.528990652601,26.6422343899083,78.8265763461331,27.470085545474,78.1029755219612,27.057094710673,78,0.32090229806313
"North West Province","Mainpuri",4271.63644,303.449405627751,78.4002736118752,26.8259161813136,79.4069582462874,27.4079649357363,78.890048358682,27.1217178502083,63,0.58295034544994
"North West Province","Etawah",4719.40746,288.797448453534,78.6996852058279,26.2830226167085,79.7065539748588,26.9359076395646,79.2772379064351,26.6408080006006,56,0.71106718146417
"North West Province","Farrukhabad",4078.7064,309.403973495008,79.1844701139695,26.6856483697232,80.0079342299622,27.609753902087,79.5901992982317,27.1356924994059,62,0.53540267226649
"North West Province","Sitapur",5961.41766,325.222460371396,80.2829382855961,27.0326601831792,81.3390869816871,27.8009267136351,80.7947901021579,27.445574669745,83,0.70826919293946
"North West Province","Hardoi",6008.62725,356.772736644823,79.6247659317312,26.8437975507634,80.762837084147,27.7481415767238,80.1284579342435,27.2670433538064,79,0.59320090889221
"North West Province","Fatehpur",5550.77497,389.703266084979,80.1766472043762,25.2724465458663,81.2914278526094,26.181259206439,80.7794288590917,25.7414156406761,62,0.4592988883527
"North West Province","Cawnpore",5686.48322,405.175605797871,79.5242577798924,25.8336550130545,80.473367673159,26.8519567665582,79.9858705858712,26.3175462157355,62,0.43527832920212
"North West Province","Unao",4919.16544,320.922452378765,80.049336589462,26.0090064076663,81.0440134746747,26.9291821617604,80.5298309788818,26.5116293064088,34,0.60020704400816
"North West Province","Lucknow",2340.67506,222.333254559291,80.5895461852791,26.3927079857151,81.1353498413812,27.1251350741068,80.8731328895507,26.7452556156098,38,0.59503449193183
"North West Province","Bara Banki",4730.96774,281.921886466014,80.9070780779912,26.4661635583177,81.7564294028116,27.2478355892491,81.314294715599,26.8390564870455,41,0.74800114936287
"North West Province","Rae Bareli",4675.79821,310.019071185243,80.7543101347227,25.7404975367957,81.6040649560718,26.5043918690137,81.2300148779194,26.1439954673469,52,0.61134843198914
"North West Province","Pratabgarh",4351.11149,369.871333555636,81.2567775129182,25.4558171603327,82.5779029914661,26.0382448166027,81.8288790700624,25.7588480955465,63,0.39967660688923
"North West Province","Sultanpur",4953.37728,340.724842351956,81.5255254103292,25.9294705816694,82.7309500890163,26.5969257720044,82.0525650907819,26.1685055344536,51,0.53617143521399
"North West Province","Fyzabad",4441.75678,386.364997624812,81.6571227281129,26.0993795448695,83.1570447606852,26.7439823864258,82.3329715657569,26.4372473992594,52,0.37391172879632
"North West Province","Basti",9197.39355,463.825706866832,82.2036369847853,26.2778485504942,83.3573396781667,27.5309405554578,82.8692042341937,26.8903396318725,74,0.53723587280254
"North West Province","Gonda",8461.53694,439.166512682295,81.5485642127965,26.6745560607132,82.7795190563575,27.808741522179,82.2120650490027,27.2041261977665,64,0.55131611243262
"North West Province","Bahraich",8561.52418,443.733047372732,81.0977522906459,26.9941820461505,82.244437143518,28.4054811528491,81.5987140060245,27.6722923150552,62,0.54640844491309
"North West Province","Gorakhpur",11562.92776,505.744400051414,83.1945790845067,26.0424321370824,84.3442412058154,27.4962475912973,83.6834629465479,26.7233265805846,72,0.56808786321837
"North West Province","Ballia",3016.63675,233.091094469038,83.6820279809026,25.6141731054029,84.5272469284875,26.0916250181232,84.0621678905793,25.834731601135,29,0.69772055704421
"North West Province","Ghazipur",3095.16509,228.553979023611,83.0527282962808,25.1722833311398,83.8507461307273,25.7579165049139,83.458036811342,25.4792621781944,26,0.74458813202941
"North West Province","Benares",2784.74809,230.59918391077,82.6367589398984,24.9376442069498,83.4333534537634,25.4080034651295,82.995561080758,25.1806150846741,46,0.65808235518265
"North West Province","Jaunpur",3805.17048,288.935178894737,82.1127711505238,25.2984688215705,83.0965939853247,25.950717705697,82.5775507961639,25.5707305652419,53,0.57277379324345
"North West Province","Azamgarh",6267.81793,353.127305692773,82.5779029914661,25.5530511064196,83.780256590812,26.3077279767623,83.1768452450176,25.920476511821,44,0.63163128807512
"Bengal Province","Shahabad",12173.97947,495.623010799977,83.2188010010156,24.4197377094592,84.8165620338964,25.7949050965581,83.980069729632,25.1462982122198,69,0.62278695309463
"Bengal Province","Dinagepore",3369.07779,299.065642039277,88.065131540759,25.0825710555618,88.883254584929,25.810450410445,88.3790217248352,25.4027442030736,55,0.47335596965931
"Bengal Province","Malda",1246.64937,231.089249694818,87.8273980815272,24.6333584541302,88.3494421606302,25.3110844403517,88.0340547735188,24.9835787614559,54,0.29335581555981
"Bengal Province","Purnea",12784.00386,573.042697408682,87.1435687393211,25.0172564825457,88.4746018327563,26.4818710139349,87.6980078900669,25.8064689270088,120,0.48921841031346
"Bengal Province","Bhagalpur",13016.08062,729.089314355347,86.4099152991421,24.3830754605726,87.6519076168609,26.5442538300521,86.975759383096,25.4562846682579,134,0.30770080151034
"Bengal Province","Champaran",10561.32956,539.459535232022,83.8352068137019,26.243697717047,85.5100259687165,27.4385494860778,84.6321370936259,26.8281826072482,82,0.45604816310942
"Bengal Province","Muzaffarpur",8109.85899,440.747933654351,84.9391677863448,25.4946489687788,85.921222749371,26.8184364163799,85.49557043556,26.1537970874119,65,0.52461728694217
"Bengal Province","Darbhanga",8806.23023,486.267037817187,85.519708346189,25.458704210145,86.7856754932478,26.6302541775512,86.1577187490542,26.0523499229828,74,0.46800472393393
"Bengal Province","Saraikela",1142.02092,150.530499799549,85.8014389296698,22.2164957415011,86.1173434586213,22.7232405888874,85.9791094151126,22.5106764724268,35,0.63333708369704
"Bengal Province","Singhbhoom",10150.10555,619.573105807108,85.0561651132889,21.8638260366828,86.8240110175912,22.7170639555941,85.830612189714,22.3190548874027,114,0.33227319458879
"Bengal Province","Manbhoom",12476.09081,476.793656458631,85.7647207809809,22.5157230266676,86.9135386192906,23.9308789019431,86.3740293818038,23.19801204301,94,0.68964795658042
"Bengal Province","Sonthal Pergunnahs",13610.00696,542.514576268966,86.4513444771963,23.6708289557512,87.9276873884757,25.0854698153973,87.2622265685997,24.3283852528152,97,0.58109265880841
"Bengal Province","Moorshedabad",5192.92191,343.80692122658,87.8799574365052,23.5972667963607,88.5909963590473,24.6651860691104,88.2477967693045,24.091623381613,66,0.55206781040033
"Bengal Province","Beerbhoom",5380.04719,374.233696395447,87.160019205759,23.4128470126239,88.0787751285525,24.4780317747491,87.7214225195644,23.8324992678454,58,0.48273653723056
"Bengal Province","Nuddea",2919.87418,311.337157250392,88.2008679529819,22.8144587032805,88.8180205645361,23.6518819669171,88.5389760866101,23.241938123681,93,0.37854027197848
"Bengal Province","Calcutta",208.01866,64.526053112878,88.2879738172801,22.3865958165448,88.4853920052718,22.5686061173529,88.398619932116,22.4570053366341,24,0.62782984995783
"Bengal Province","24 - Pergunnahs",5668.30096,396.218282274002,88.0706448810311,21.7961138977805,88.9075027307093,22.8882142246786,88.5385683745666,22.2846747723292,117,0.45372608023815
"Bengal Province","Howrah",1450.0989,164.716673515461,87.8858399277318,22.2293611299457,88.4226938938649,22.6421067602815,88.1453052529312,22.4677954180767,43,0.67163351922445
"Bengal Province","Hooghly",3262.6259,273.977198535095,87.7073581192227,22.5471147216305,88.5256664400525,23.089700746806,88.1619814713135,22.8096269673805,62,0.54619573148418
"Bengal Province","Midnapore",12082.49446,591.921165246118,86.6352501038936,21.5967785164383,88.1830481127076,22.8529231872795,87.4481337645974,22.305549462256,119,0.43334992949646
"Bengal Province","Burdwan",6542.35659,522.919499722629,86.857793809419,22.8956398860877,88.4257067309789,23.7367333752842,87.7727627965884,23.3385557621519,106,0.300659133374
"Bengal Province","Bankoorah",6791.16573,367.72970017319,86.7230313855458,22.6208570938659,87.7996565350067,23.4933017302021,87.2052230325733,23.04278428469,73,0.63109796191213
"Bengal Province","Bonai",3370.8518,255.944788788567,84.5137260941382,21.4727937112673,85.3247174002396,22.0204362669514,84.9493863202162,21.765210030018,40,0.64663162310344
"Bengal Province","Kharsawan",358.10058,71.468451991066,85.6598847615879,22.5694732780786,85.8410987675828,22.8069118315181,85.755203133117,22.6817762796794,18,0.88102075150679
"Bengal Province","Gangpore",6374.80147,490.229888085487,83.5666983026139,21.7630591625396,85.1475815864684,22.4294666980849,84.2816362614828,22.0682827160112,101,0.33333196100941
"Bengal Province","Hazaribagh",19825.48534,675.7281953628,84.4895867075033,23.212215713429,86.4831364596984,24.732437802475,85.588668621274,24.0279705240815,152,0.54561915748801
"Bengal Province","Lohardugga",35160.89348,994.722670016074,83.2692571640211,22.2266388763205,85.8700534364194,24.6564835506935,84.5221060348261,23.3611414872524,203,0.44654551833477
"Bengal Province","Monghyr",11519.93171,700.401391618347,85.6664046663133,23.9308789019431,86.9531544959591,25.7631642928292,86.386292460516,25.0645258760544,140,0.29509766144876
"Bengal Province","Patna",7076.07369,455.249957401559,84.6094396463602,24.941614413844,86.1616919914037,25.6670271109408,85.3258756986794,25.3042378207135,88,0.42904454403647
"Bengal Province","Gya",12841.21371,630.359592315536,83.9648582794396,24.3048734692332,85.9989469039782,25.2124052022584,84.9040029471932,24.7510024125894,139,0.40610581295229
"Assam Province","Naga Hills",14277.09655,597.638200453232,93.145820622469,25.316985713731,94.6085886776503,26.6180546927597,93.8053528594489,25.9729323062829,90,0.50231143151328
"Assam Province","Nowgong",9513.01646,532.736952075551,92.0661034555037,25.7614340141767,93.7254659915476,26.711569735003,92.8831991988429,26.3038793824691,92,0.42121368137257
"Assam Province","Sibsagar",7288.56873,550.848834049412,93.3247431362058,26.3183118084694,95.3590220139282,27.2991207176418,94.3616784135355,26.8486044305576,93,0.30184726719178
"Assam Province","Lakhimpur",9496.7586,583.685204988941,93.8789771355415,26.8563695188593,95.9054627092514,27.969698278394,95.0400041115756,27.4289167932153,90,0.35029012341991
"Assam Province","Darrang",7438.47209,547.61001373558,91.8293347323441,26.2309909971985,93.9017107399048,27.0483119273792,92.7244648774814,26.7343642975639,72,0.31171007491324
"Assam Province","Garo Hills",8779.97012,448.169974862215,89.7293664044049,25.1990699583059,91.1547761433549,26.0314305654566,90.5501771349466,25.5864358208844,70,0.54930985027531
"Assam Province","Goalpara",14252.7615,626.474264907709,89.6229118293963,25.4276137965763,91.1953542824939,26.8330361347757,90.3112720423633,26.2453114772385,100,0.45635457790856
"Assam Province","Kamrup",9250.50676,520.939781632739,90.918057233588,25.7994544260232,92.3075131592265,26.8454707121592,91.5154431048352,26.3407428154126,107,0.42835154884637
"Bengal Province","Darjeeling",5142.31062,387.942604502608,87.9812198825604,26.3907054278473,88.9922842781068,27.1823656751159,88.4526214348684,26.8703962449929,70,0.42937150214892
"Bengal Province","Cooch Behar",2764.17763,382.626212327103,88.5457128940846,26.0363788563134,89.6953534465693,26.5479526559894,89.2265131153169,26.3133441281255,108,0.23726100999711
"Bengal Province","Julpigoree",4406.30616,355.321063557779,88.5353952832446,26.3760806832645,89.7088985258467,26.9470596662325,89.1276938684499,26.6319443791181,73,0.4385737422827
"Bengal Province","Hill Tipperah",12168.79322,605.877100071085,91.0208191159081,23.0370455038246,92.3791206910868,24.4982579000399,91.6644451207888,23.8578539590731,158,0.41657029639643
"Assam Province","Khasi States",12051.03726,544.478978567372,90.9403912185778,25.1679587942436,92.6917283634392,26.1360335314711,91.787937010623,25.6518828180337,86,0.51082490072163
"Assam Province","Cachar",10921.69261,518.865150632376,92.4787078270961,24.2748741479183,93.5023405060204,25.8301748480186,92.9692796707132,24.9802775821726,95,0.50978940872345
"Assam Province","Sylhet",3552.88555,277.952875345375,92.0135982227115,24.1735253143449,92.5535348088231,25.0752751301046,92.3244264379416,24.6068110299154,49,0.57789473696497
"Assam Province","Khasi and Jaintia Hills",5398.537,368.927507355722,92.1856205050804,24.872932664896,92.9217775848611,26.001296830378,92.5618664165606,25.4393214218279,53,0.49842965228269
"Bengal Province","Runpur",503.33207,91.683209602057,85.180517951187,19.8895851245252,85.4134881232066,20.1330474477879,85.2858267505224,20.0058116018539,18,0.75246248140969
"Hyderabad","Atraf-i-Balda",7961.57591,584.091508165982,77.8190636518665,16.9753740309079,79.244748057283,17.8714204421147,78.3860675627174,17.3851770709702,110,0.29325614413527
"Central Province","Sakti",606.45806,116.993882335325,82.7653262499396,21.869409744279,83.0971565323872,22.1618868782114,82.9298416064886,22.0057936229251,25,0.55678090430744
"Central Province","Kawardha",2564.27783,258.113507483851,80.7520696550777,21.7321922222822,81.4377729139836,22.4339807585544,81.1711062849766,22.0282199178642,52,0.48367481871187
"Bombay Presidency","Santalpur",1179.39014,142.607968990609,70.9892836804606,23.6641319337511,71.4859320185527,24.0044113286075,71.2516396051646,23.8207512013784,36,0.72875201020736
"Bombay Presidency","Surgana",44.85743,26.590190771914,73.6513910142799,20.4656978310595,73.7348112760836,20.5398026851279,73.6933534456718,20.504738229888,17,0.79726244765537
"Bombay Presidency","Wardhi",757.40167,151.798492265219,71.2547061709367,23.2800870422265,71.6449123102264,23.7854931878022,71.4672226783567,23.5699906917685,42,0.41304864825532
"Manipoor","Manipoor",19956.73613,634.544757745602,93.1520782059302,23.9512216616273,94.765377437236,25.6473178503331,93.8924304651156,24.8028971279497,126,0.62283765073398
"Jammu and kashmir","Jammu and kashmir",229196.9677,2888.03574736462,72.2530393680915,32.1313248121564,80.3505988052619,37.0058693211453,76.2284595580083,34.5488150739886,536,0.34531353591834
"Unknown","Unknown",2611.73086,324.749593547155,76.8158841635849,30.7616809491971,77.8294732106464,31.1714921025766,77.3339796708655,30.9376512018014,81,0.31120104943659
"Rajputana Agency","Sirohee",5532.79128,456.31695003938,72.4211744330588,24.0041207950651,76.1934951455066,25.0182414939448,73.339900769559,24.5344760628399,99,0.33390348307708
"Rann of kutch","Rann of kutch",444.88803,119.600118459514,69.2418299024769,23.4364606720778,69.7392789776128,23.6247128777906,69.5030020500944,23.5344856686621,38,0.39083852424177
"Rann of kutch","Rann of kutch",15641.84983,1059.10577873787,68.2119018142554,23.3605316960026,71.4545628541132,24.718377136252,70.0215245588658,24.0106377089056,290,0.17523437375236
"Unknown","Unknown",3411.77242,310.519091892673,70.6565399570792,23.1228431931525,71.7276531050887,23.7028128988916,71.2117945794043,23.3601506798156,79,0.444644887594
"Central Province","Khairagarh",2441.01071,343.239601471686,80.469534976683,20.9888561622161,81.4563352441491,21.8303803135442,80.9323110137596,21.3028063546913,58,0.2603662998382
"Daman","Daman",418.28197,80.038399546223,72.9767663359821,20.1103489645473,73.2213494542537,20.350276374468,73.0912125844628,20.2204157869298,13,0.82050686853423
"Daman","Daman",245.66261,62.191383584197,72.866359767491,20.4863118741526,73.0486416236956,20.6405325259047,72.9531782184519,20.5702586787111,20,0.79815728887588
"Goa","Goa",4734.69794,319.399049918143,73.6830628758171,14.9270326195612,74.3984024083572,15.9179809438895,74.0882623886649,15.4696952221828,87,0.58322334786105
"Coorg","Coorg",5163.93922,338.984894911235,75.3096613735859,12.1907263167528,76.2040912986227,13.0753018012561,75.7872324969753,12.5682372851623,54,0.56471625985664
"Bengal Province","Saran",7377.16552,416.155760272158,83.9386792554858,25.5701360477093,85.2979855348085,26.4927674808339,84.6102344005644,26.0769237435916,66,0.5352880785588
"Chandernagore","Chandernagore",118.98868,41.415165496199,88.4133982196037,22.670634437895,88.5299123736723,22.7942917347958,88.4758467926743,22.7315781082539,13,0.8717595550654
"Nepal","Nepal",148126.51598,2459.31832380284,80.0630639667673,26.3216665810802,88.1792534127312,30.4008770737717,84.0223841854595,28.2253850975685,426,0.30776071401696
"Sikkim","Sikkim",7042.0981,364.237349181162,87.9827160238952,27.1171268422853,88.9021838955788,28.1058222371372,88.4699871897403,27.563975037313,47,0.66702633654545
"Bhutan","Bhutan",44068.06024,997.851048056744,88.8476273876789,26.6613081747586,92.1804031072514,28.3156243052505,90.4562082726614,27.3923231687481,158,0.55616334550553
"Unknown","Unknown",39911.27786,1228.30141713041,94.6239200112301,27.0699301731807,97.3581087919887,29.469585471166,95.9548250149708,28.3198097986942,207,0.3324264649223
"Unknown","Unknown",12895.36388,636.70076438379,94.3225928963584,25.5787680736047,95.8621730005537,27.3481865799019,94.9332591584735,26.4705534577488,99,0.3997355034886
"North east frontier agency","North east frontier agency",50904.02571,1199.55562641915,91.5623698722324,26.8754888607735,95.2845763068578,29.355347717903,93.5766515555524,27.8603058033401,200,0.4445506088438
"Looshai hills","Looshai hills",19842.42714,735.037931034374,92.1685434420442,22.0679676522166,93.2768479847,24.3058792118723,92.7096484017453,23.3354322920448,151,0.46151429359109
"Unknown","Unknown",100.31717,49.738752453194,79.2401078431835,9.17841800364504,79.4099762509124,9.29886903336734,79.3258722427768,9.24339127902791,24,0.50956002501271
"Unknown","Unknown",13.92112,13.975066388106,79.2488954063152,9.14252442381842,79.2929293334222,9.17884969749276,79.2708793858073,9.16193965515131,9,0.89572819358492
"Unknown","Unknown",26.24596,19.290206086098,78.6221639582076,9.08672168724028,78.6733614386233,9.14321858494318,78.6499198165068,9.11342454799734,8,0.8863363197466
"Unknown","Unknown",67687.6742,1482.61598776971,79.7116489786785,5.90626464312857,81.9311363826796,9.84643390702825,80.7313311402118,7.58506164562544,365,0.38695645673969
"Unknown","Unknown",1177.63452,199.203630902494,92.7841657133919,12.8869814497606,93.0275709648959,13.571203734296,92.9046171833471,13.2532176614943,46,0.3729287735232
"Unknown","Unknown",105.98139,43.95680588172,92.6605397266986,12.7981826902973,92.7356445266446,12.9631549668932,92.6985468415645,12.8788855761902,10,0.68926661051817
"Unknown","Unknown",1412.31241,166.397431847896,92.6925205958321,12.3180523982086,92.9735654141188,12.8604111331135,92.8322426166352,12.5910610862527,31,0.64098431399592
"Unknown","Unknown",233.44021,64.882293684276,92.7598488921403,12.0893479353726,92.8868997728941,12.2962498818812,92.818238563739,12.2023628094532,16,0.69684010075916
"Unknown","Unknown",1191.84966,238.88770519019,92.5268564224131,11.5045294637381,92.8075307171787,12.2294303758548,92.6840318184756,11.8340128161125,44,0.26244828827189
"Unknown","Unknown",113.15687,42.975854642408,92.5931421417456,11.3682206692472,92.7185880223932,11.4806372228102,92.6617067573895,11.4144369315054,12,0.76991315386238
"Unknown","Unknown",38.53754,24.12505555846,92.678478561017,11.2521101363707,92.7422274066328,11.3290719205227,92.7108224401912,11.2920955217808,9,0.83206498679853
"Unknown","Unknown",803.7409,118.298241701746,92.3490891829406,10.4984865362706,92.5971655751987,10.8634216753417,92.4705612590614,10.6672412884079,27,0.72172101605789
"Unknown","Unknown",161.07188,50.726174785442,92.9278591069101,11.9020940485493,93.0514309620266,12.0695297587542,92.9953013194325,11.9885169311585,11,0.78662069159287
"Unknown","Unknown",193.43206,55.090483736778,93.3142215952936,7.90669820034377,93.4490752850122,8.06669337788321,93.3868525455781,7.99138326070362,11,0.80091265684041
"Unknown","Unknown",169.67589,69.998007458433,93.4526727616404,7.97666043158851,93.5939075085145,8.21158499200423,93.5212118789022,8.09334791509429,15,0.43516968577036
"Unknown","Unknown",22.3096,18.485530954033,93.5572503988815,8.10286899126217,93.6001651918458,8.16398855894602,93.5808362980234,8.13325125107836,8,0.82042283428044
"Unknown","Unknown",1412.58683,188.639755610861,93.641774336842,6.78192879312095,93.9835247112353,7.28952495589403,93.8321488842188,7.04344544476229,47,0.49883689446788
"Unknown","Unknown",10.5595,12.762064515776,93.8266316293214,7.34183756148826,93.8559184624036,7.37645302225486,93.8418696617168,7.35943886994122,6,0.81472533321998
"Unknown","Unknown",168.76609,56.926518236567,93.6505191427942,7.33272206753195,93.7864240656851,7.51545090930451,93.7125467203695,7.42512765605302,14,0.65443392532571
"Unknown","Unknown",79.81367,42.146381504796,93.1094135147205,8.26167616069487,93.1923113758258,8.40749259492493,93.1437510295313,8.33030425556426,11,0.56463337382943
"Unknown","Unknown",39.01217,26.369424261659,93.566708671392,8.4900843050533,93.612633314419,8.5845787788263,93.5886044780814,8.5385228051192,7,0.70503183907053
"Unknown","Unknown",152.16764,47.596950023746,92.7103896556962,9.11298259032716,92.82735123365,9.25989813657159,92.7713369929386,9.19244844032776,7,0.84406118470737
"Unknown","Unknown",287.78156,72.571062784848,88.0842207490928,21.5362378713683,88.2526840870755,21.7782014016775,88.1686497664101,21.6515658149026,17,0.68666649014903
"Unknown","Unknown",54.08852,29.595718202813,88.0916120955374,21.7872061854459,88.1532611786013,21.8918605188953,88.1244468914641,21.8358304944223,10,0.77599186099429
"Unknown","Unknown",234.65269,67.468735092804,88.2573172250758,21.4612087674754,88.3811642493968,21.7031148004376,88.3196335894922,21.5849231389727,16,0.64778406377012
"Unknown","Unknown",52.46671,28.819577850036,88.3891405644822,21.6114437567201,88.4418595805814,21.7128431346214,88.4159909107684,21.6623448017906,9,0.79381351601532
"Unknown","Unknown",18.9989,16.329801727121,88.3984672470943,21.5355028634201,88.4489175151717,21.5840578925839,88.4213331233168,21.5596216582164,8,0.89531649795084
"Unknown","Unknown",138.5871,54.654961965552,88.4733550813042,21.5328649804517,88.5425176654916,21.7472889673364,88.507357374273,21.6437512797006,17,0.58300659560471
"Unknown","Unknown",49.81485,31.766525967204,87.8953032333068,21.4751985825753,87.9881864724232,21.5756531728067,87.9404361659169,21.5229565809247,13,0.62033923283525
"Unknown","Unknown",358.65336,92.892426082616,88.5459737690542,21.4358497656522,88.6927667083647,21.7784275080112,88.6093392338768,21.6035023842841,27,0.52230496595344
"Unknown","Unknown",91.27727,35.911893288568,88.6272096779594,21.7551097323962,88.7186431817657,21.8686433874907,88.671500081174,21.8157828906833,15,0.88939753812441
"Unknown","Unknown",497.16844,99.878743982884,88.732526810386,21.4963747153208,88.9115692702338,21.8552723875486,88.8093498991594,21.6671384544594,27,0.62627816413155
"Unknown","Unknown",505.82713,94.528219486095,88.8806871777488,21.5658941809113,89.1119263358376,21.8798305461342,88.9914048715443,21.7192005852329,25,0.71135932924308
"Unknown","Unknown",40.55928,23.985357887549,88.8816693669485,21.4757852176603,88.9531234142612,21.5434446859805,88.9167392056864,21.5108756087826,9,0.88594683666563
"Unknown","Unknown",83.33183,33.749064122925,82.1278316640382,16.7832502582034,82.2235919826234,16.887489487203,82.174116826696,16.8351226228953,9,0.91938483717647
