state_name,constituency_name,value
Andhra Pradesh,Achampet,1
Andhra Pradesh,Achanta,2
Andhra Pradesh,Addanki,3
Andhra Pradesh,Adilabad,4
Andhra Pradesh,Adoni,5
Andhra Pradesh,Alair,6
Andhra Pradesh,Alampur,7
Andhra Pradesh,Allagadda,8
Andhra Pradesh,Alur,9
Andhra Pradesh,Amadalavalasa,10
Andhra Pradesh,Amalapuram,11
Andhra Pradesh,Amberpet,12
Andhra Pradesh,Anakapalli,13
Andhra Pradesh,Anantapur Urban,14
Andhra Pradesh,Anaparthy,15
Andhra Pradesh,Andole,16
Andhra Pradesh,Araku Valley,17
Andhra Pradesh,Armur,18
Andhra Pradesh,Asifabad,19
Andhra Pradesh,Aswaraopeta,20
Andhra Pradesh,Atmakur,21
Andhra Pradesh,Avanigadda,22
Andhra Pradesh,Badvel,23
Andhra Pradesh,Bahadurpura,24
Andhra Pradesh,Balkonda,25
Andhra Pradesh,Banaganapalle,26
Andhra Pradesh,Banswada,27
Andhra Pradesh,Bapatla,28
Andhra Pradesh,Bellampalli,29
Andhra Pradesh,Bhadrachalam,30
Andhra Pradesh,Bhimavaram,31
Andhra Pradesh,Bhimli,32
Andhra Pradesh,Bhongir,33
Andhra Pradesh,Bhupalpalle,34
Andhra Pradesh,Boath,35
Andhra Pradesh,Bobbili,36
Andhra Pradesh,Bodhan,37
Andhra Pradesh,Chandragiri,38
Andhra Pradesh,Chandrayangutta,39
Andhra Pradesh,Charminar,40
Andhra Pradesh,Chennur,41
Andhra Pradesh,Chevella,42
Andhra Pradesh,Chilakaluripet,43
Andhra Pradesh,Chintalapudi,44
Andhra Pradesh,Chirala,45
Andhra Pradesh,Chittoor,46
Andhra Pradesh,Chodavaram,47
Andhra Pradesh,Choppadandi,48
Andhra Pradesh,Darsi,49
Andhra Pradesh,Denduluru,50
Andhra Pradesh,Devarakonda,51
Andhra Pradesh,Devarkadra,52
Andhra Pradesh,Dharmapuri,53
Andhra Pradesh,Dharmavaram,54
Andhra Pradesh,Dhone,55
Andhra Pradesh,Dornakal,56
Andhra Pradesh,Dubbak,57
Andhra Pradesh,Elamanchili,58
Andhra Pradesh,Eluru,59
Andhra Pradesh,Etcherla,60
Andhra Pradesh,Gadwal,61
Andhra Pradesh,Gajapathinagaram,62
Andhra Pradesh,Gajuwaka,63
Andhra Pradesh,Gajwel,64
Andhra Pradesh,Gangadhara Nellore,65
Andhra Pradesh,Gannavaram,66
Andhra Pradesh,Ghanpur (station),67
Andhra Pradesh,Giddalur,68
Andhra Pradesh,Gopalapuram,69
Andhra Pradesh,Goshamahal,70
Andhra Pradesh,Gudivada,71
Andhra Pradesh,Gudur,72
Andhra Pradesh,Guntakal,73
Andhra Pradesh,Guntur East,74
Andhra Pradesh,Guntur West,75
Andhra Pradesh,Gurazala,76
Andhra Pradesh,Hindupur,77
Andhra Pradesh,Husnabad,78
Andhra Pradesh,Huzurabad,79
Andhra Pradesh,Huzurnagar,80
Andhra Pradesh,Ibrahimpatnam,81
Andhra Pradesh,Ichchapuram,82
Andhra Pradesh,Jadcherla,83
Andhra Pradesh,Jaggampeta,84
Andhra Pradesh,Jaggayyapeta,85
Andhra Pradesh,Jagtial,86
Andhra Pradesh,Jammalamadugu,87
Andhra Pradesh,Jangoan,88
Andhra Pradesh,Jubilee Hills,89
Andhra Pradesh,Jukkal,90
Andhra Pradesh,Kadapa,91
Andhra Pradesh,Kadiri,92
Andhra Pradesh,Kaikalur,93
Andhra Pradesh,Kakinada City,94
Andhra Pradesh,Kakinada Rural,95
Andhra Pradesh,Kalwakurthy,96
Andhra Pradesh,Kalyandurg,97
Andhra Pradesh,Kamalapuram,98
Andhra Pradesh,Kamareddy,99
Andhra Pradesh,Kandukur,100
Andhra Pradesh,Kanigiri,1
Andhra Pradesh,Karimnagar,2
Andhra Pradesh,Karwan,3
Andhra Pradesh,Kavali,4
Andhra Pradesh,Khairatabad,5
Andhra Pradesh,Khammam,6
Andhra Pradesh,Khanapur,7
Andhra Pradesh,Kodad,8
Andhra Pradesh,Kodangal,9
Andhra Pradesh,Kodumur,10
Andhra Pradesh,Kodur,11
Andhra Pradesh,Kollapur,12
Andhra Pradesh,Kondapi,13
Andhra Pradesh,Koratla,14
Andhra Pradesh,Kothagudem,15
Andhra Pradesh,Kothapeta,16
Andhra Pradesh,Kovur,17
Andhra Pradesh,Kovvur,18
Andhra Pradesh,Kukatpally,19
Andhra Pradesh,Kuppam,20
Andhra Pradesh,Kurnool,21
Andhra Pradesh,Kurupam,22
Andhra Pradesh,Lal Bahadur Nagar,23
Andhra Pradesh,Macherla,24
Andhra Pradesh,Machilipatnam,25
Andhra Pradesh,Madakasira,26
Andhra Pradesh,Madanapalle,27
Andhra Pradesh,Madhira,28
Andhra Pradesh,Mahabubabad,29
Andhra Pradesh,Mahbubnagar,30
Andhra Pradesh,Maheshwaram,31
Andhra Pradesh,Makthal,32
Andhra Pradesh,Malakpet,33
Andhra Pradesh,Malkajgiri,34
Andhra Pradesh,Manakondur,35
Andhra Pradesh,Mancherial,36
Andhra Pradesh,Mandapeta,37
Andhra Pradesh,Manthani,38
Andhra Pradesh,Mantralayam,39
Andhra Pradesh,Markapuram,40
Andhra Pradesh,Medak,41
Andhra Pradesh,Medchal,42
Andhra Pradesh,Miryalguda,43
Andhra Pradesh,Mudhole,44
Andhra Pradesh,Mulug,45
Andhra Pradesh,Mummidivaram,46
Andhra Pradesh,Munugode,47
Andhra Pradesh,Musheerabad,48
Andhra Pradesh,Mydukur,49
Andhra Pradesh,Mylavaram,50
Andhra Pradesh,Nagari,51
Andhra Pradesh,Nagarjuna Sagar,52
Andhra Pradesh,Nagarkurnool,53
Andhra Pradesh,Nakrekal,54
Andhra Pradesh,Nalgonda,55
Andhra Pradesh,Nampalli,56
Andhra Pradesh,Nandigama,57
Andhra Pradesh,Nandikotkur,58
Andhra Pradesh,Nandyal,59
Andhra Pradesh,Narasannapeta,60
Andhra Pradesh,Narasapuram,61
Andhra Pradesh,Narasaraopet,62
Andhra Pradesh,Narayankhed,63
Andhra Pradesh,Narayanpet,64
Andhra Pradesh,Narsampet,65
Andhra Pradesh,Narsapur,66
Andhra Pradesh,Narsipatnam,67
Andhra Pradesh,Nellimarla,68
Andhra Pradesh,Nellore City,69
Andhra Pradesh,Nellore Rural,70
Andhra Pradesh,Nidadavole,71
Andhra Pradesh,Nirmal,72
Andhra Pradesh,Nizamabad (rural),73
Andhra Pradesh,Nizamabad (urban),74
Andhra Pradesh,Nuzvid,75
Andhra Pradesh,Ongole,76
Andhra Pradesh,Paderu,77
Andhra Pradesh,Palacole,78
Andhra Pradesh,Palair,79
Andhra Pradesh,Palakonda,80
Andhra Pradesh,Palakurthi,81
Andhra Pradesh,Palamaner,82
Andhra Pradesh,Palasa,83
Andhra Pradesh,Pamarru,84
Andhra Pradesh,Panyam,85
Andhra Pradesh,Parchur,86
Andhra Pradesh,Pargi,87
Andhra Pradesh,Parkal,88
Andhra Pradesh,Parvathipuram,89
Andhra Pradesh,Patancheru,90
Andhra Pradesh,Pathapatnam,91
Andhra Pradesh,Pattikonda,92
Andhra Pradesh,Payakaraopeta,93
Andhra Pradesh,Pedakurapadu,94
Andhra Pradesh,Pedana,95
Andhra Pradesh,Peddapalle,96
Andhra Pradesh,Peddapuram,97
Andhra Pradesh,Penamaluru,98
Andhra Pradesh,Pendurthi,99
Andhra Pradesh,Penukonda,100
Andhra Pradesh,Pileru,1
Andhra Pradesh,Pinapaka,2
Andhra Pradesh,Pithapuram,3
Andhra Pradesh,Polavaram,4
Andhra Pradesh,Ponnur,5
Andhra Pradesh,Prathipadu,6
Andhra Pradesh,Proddatur,7
Andhra Pradesh,Pulivendla,8
Andhra Pradesh,Punganur,9
Andhra Pradesh,Puthalapattu,10
Andhra Pradesh,Puttaparthi,11
Andhra Pradesh,Quthbullapur,12
Andhra Pradesh,Rajahmundry City,13
Andhra Pradesh,Rajam,14
Andhra Pradesh,Rajampet,15
Andhra Pradesh,Rajamundry Rural,16
Andhra Pradesh,Rajanagaram,17
Andhra Pradesh,Rajendranagar,18
Andhra Pradesh,Ramachandrapuram,19
Andhra Pradesh,Ramagundam,20
Andhra Pradesh,Rampachodavaram,21
Andhra Pradesh,Raptadu,22
Andhra Pradesh,Rayachoti,23
Andhra Pradesh,Rayadurg,24
Andhra Pradesh,Razole,25
Andhra Pradesh,Repalle,26
Andhra Pradesh,Salur,27
Andhra Pradesh,Sanath Nagar,28
Andhra Pradesh,Sangareddy,29
Andhra Pradesh,Santhanuthalapadu,30
Andhra Pradesh,Sarvepalli,31
Andhra Pradesh,Sathupalli,32
Andhra Pradesh,Sattenpalli,33
Andhra Pradesh,Satyavedu,34
Andhra Pradesh,Secunderabad,35
Andhra Pradesh,Secunderabad Cantt.,36
Andhra Pradesh,Serilingampally,37
Andhra Pradesh,Shadnagar,38
Andhra Pradesh,Siddipet,39
Andhra Pradesh,Singanamala,40
Andhra Pradesh,Sircilla,41
Andhra Pradesh,Sirpur,42
Andhra Pradesh,Srikakulam,43
Andhra Pradesh,Srikalahasti,44
Andhra Pradesh,Srisailam,45
Andhra Pradesh,Srungavarapukota,46
Andhra Pradesh,Sullurpeta,47
Andhra Pradesh,Suryapet,48
Andhra Pradesh,Tadepalligudem,49
Andhra Pradesh,Tadikonda,50
Andhra Pradesh,Tadipatri,51
Andhra Pradesh,Tandur,52
Andhra Pradesh,Tanuku,53
Andhra Pradesh,Tekkali,54
Andhra Pradesh,Tenali,55
Andhra Pradesh,Thamballapalle,56
Andhra Pradesh,Thungathurthy,57
Andhra Pradesh,Tirupati,58
Andhra Pradesh,Tiruvuru,59
Andhra Pradesh,Tuni,60
Andhra Pradesh,Udayagiri,61
Andhra Pradesh,Undi,62
Andhra Pradesh,Unguturu,63
Andhra Pradesh,Uppal,64
Andhra Pradesh,Uravakonda,65
Andhra Pradesh,V.madugula,66
Andhra Pradesh,Vemulawada,67
Andhra Pradesh,Vemuru,68
Andhra Pradesh,Venkatagiri,69
Andhra Pradesh,Vijayawada Central,70
Andhra Pradesh,Vijayawada East,71
Andhra Pradesh,Vijaywada West,72
Andhra Pradesh,Vikarabad,73
Andhra Pradesh,Vinukonda,74
Andhra Pradesh,Visakhapatnam East,75
Andhra Pradesh,Visakhapatnam North,76
Andhra Pradesh,Visakhapatnam South,77
Andhra Pradesh,Visakhapatnam West,78
Andhra Pradesh,Vizianagaram,79
Andhra Pradesh,Wanaparthy,80
Andhra Pradesh,Warangal East,81
Andhra Pradesh,Warangal West,82
Andhra Pradesh,Wardhanapet,83
Andhra Pradesh,Wyra,84
Andhra Pradesh,Yakutpura,85
Andhra Pradesh,Yellandu,86
Andhra Pradesh,Yellareddy,87
Andhra Pradesh,Yemmiganur,88
Andhra Pradesh,Yerragondapalem,89
Andhra Pradesh,Zahirabad,90
Arunachal Pradesh,Along East,91
Arunachal Pradesh,Along West,92
Arunachal Pradesh,Anini,93
Arunachal Pradesh,Bameng,94
Arunachal Pradesh,Basar,95
Arunachal Pradesh,Bomdila,96
Arunachal Pradesh,Bordumsa - Diyum,97
Arunachal Pradesh,Borduria Bogapani,98
Arunachal Pradesh,Changlang North,99
Arunachal Pradesh,Changlang South,100
Arunachal Pradesh,Chayang Tajo,1
Arunachal Pradesh,Chowkham,2
Arunachal Pradesh,Dambuk,3
Arunachal Pradesh,Daporijo,4
Arunachal Pradesh,Dirang,5
Arunachal Pradesh,Doimukh,6
Arunachal Pradesh,Dumporijo,7
Arunachal Pradesh,Hayuliang,8
Arunachal Pradesh,Itanagar,9
Arunachal Pradesh,Kalaktang,10
Arunachal Pradesh,Kanubari,11
Arunachal Pradesh,Khonsa East,12
Arunachal Pradesh,Khonsa West,13
Arunachal Pradesh,Koloriang,14
Arunachal Pradesh,Lekang,15
Arunachal Pradesh,Likabali,16
Arunachal Pradesh,Liromoba,17
Arunachal Pradesh,Longding Pumao,18
Arunachal Pradesh,Lumla,19
Arunachal Pradesh,Mariyang-geku,20
Arunachal Pradesh,Mebo,21
Arunachal Pradesh,Mechukha,22
Arunachal Pradesh,Miao,23
Arunachal Pradesh,Mukto,24
Arunachal Pradesh,Nacho,25
Arunachal Pradesh,Nampong,26
Arunachal Pradesh,Namsai,27
Arunachal Pradesh,Namsang,28
Arunachal Pradesh,Nari-koyu,29
Arunachal Pradesh,Nyapin,30
Arunachal Pradesh,Pakke Kessang,31
Arunachal Pradesh,Palin,32
Arunachal Pradesh,Pangin,33
Arunachal Pradesh,Pasighat East,34
Arunachal Pradesh,Pasighat West,35
Arunachal Pradesh,Pongchao Wakka,36
Arunachal Pradesh,Raga,37
Arunachal Pradesh,Roing,38
Arunachal Pradesh,Rumgong,39
Arunachal Pradesh,Sagalee,40
Arunachal Pradesh,Seppa East,41
Arunachal Pradesh,Seppa West,42
Arunachal Pradesh,Tali,43
Arunachal Pradesh,Taliha,44
Arunachal Pradesh,Tawang,45
Arunachal Pradesh,Tezu,46
Arunachal Pradesh,Thrizino-buragaon,47
Arunachal Pradesh,Tuting Yingkiong,48
Arunachal Pradesh,Yachuli,49
Arunachal Pradesh,Ziro Hapoli,50
Assam,Abhayapuri North,51
Assam,Abhayapuri South,52
Assam,Algapur,53
Assam,Amguri,54
Assam,Badarpur,55
Assam,Baghbar,56
Assam,Baithalangso,57
Assam,Barama (st),58
Assam,Barchalla,59
Assam,Barhampur,60
Assam,Barkhetry,61
Assam,Barkhola,62
Assam,Barpeta,63
Assam,Batadroba,64
Assam,Behali,65
Assam,Bhabanipur,66
Assam,Bihpuria,67
Assam,Bijni,68
Assam,Bilasipara East,69
Assam,Bilasipara West,70
Assam,Biswanath,71
Assam,Bokajan,72
Assam,Bokakhat,73
Assam,Boko,74
Assam,Bongaigaon,75
Assam,Chabua,76
Assam,Chapaguri (st),77
Assam,Chaygaon,78
Assam,Chenga,79
Assam,Dalgaon,80
Assam,Dergaon,81
Assam,Dhakuakhana,82
Assam,Dharmapur,83
Assam,Dhekiajuli,84
Assam,Dhemaji,85
Assam,Dhing,86
Assam,Dholai,87
Assam,Dhubri,88
Assam,Dibrugarh,89
Assam,Digboi,90
Assam,Diphu,91
Assam,Dispur,92
Assam,Doom Dooma,93
Assam,Dudhnai,94
Assam,Duliajan,95
Assam,Gauhati East,96
Assam,Gauhati West,97
Assam,Gauripur,98
Assam,Goalpara East,99
Assam,Goalpara West,100
Assam,Gohpur,1
Assam,Golaghat,2
Assam,Golakganj,3
Assam,Gossaigaon,4
Assam,Haflong,5
Assam,Hailakandi,6
Assam,Hajo,7
Assam,Hojai,8
Assam,Howraghat,9
Assam,Jagiroad,10
Assam,Jaleswar,11
Assam,Jalukbari,12
Assam,Jamunamukh,13
Assam,Jania,14
Assam,Jonai,15
Assam,Jorhat,16
Assam,Kalaigaon,17
Assam,Kaliabor,18
Assam,Kamalpur,19
Assam,Karimganj North,20
Assam,Karimganj South,21
Assam,Katigorah,22
Assam,Katlichera,23
Assam,Khumtai,24
Assam,Kokrajhar East,25
Assam,Kokrajhar West (st),26
Assam,Laharighat,27
Assam,Lahowal,28
Assam,Lakhimpur,29
Assam,Lakhipur,30
Assam,Lumding,31
Assam,Mahmara,32
Assam,Majbat,33
Assam,Majuli,34
Assam,Mangaldoi,35
Assam,Mankachar,36
Assam,Margherita,37
Assam,Mariani,38
Assam,Marigaon,39
Assam,Moran,40
Assam,Naharkatia,41
Assam,Nalbari,42
Assam,Naoboicha,43
Assam,Nazira,44
Assam,Nowgong,45
Assam,Palasbari,46
Assam,Panery,47
Assam,Patacharkuchi,48
Assam,Patharkandi,49
Assam,Raha,50
Assam,Rangapara,51
Assam,Rangiya,52
Assam,Ratabari (sc),53
Assam,Rupohihat,54
Assam,Sadiya,55
Assam,Salmara South,56
Assam,Samaguri,57
Assam,Sarukhetri,58
Assam,Sarupathar,59
Assam,Sibsagar,60
Assam,Sidli,61
Assam,Silchar,62
Assam,Sipajhar,63
Assam,Sonai,64
Assam,Sonari,65
Assam,Sootea,66
Assam,Sorbhog,67
Assam,Tamulpur,68
Assam,Teok,69
Assam,Tezpur,70
Assam,Thowra,71
Assam,Tingkhong,72
Assam,Tinsukia,73
Assam,Titabar,74
Assam,Udalguri,75
Assam,Udharbond,76
Bihar,Agiaon (sc),77
Bihar,Alamnagar,78
Bihar,Alauli (sc),79
Bihar,Alinagar,80
Bihar,Amarpur,81
Bihar,Amnour,82
Bihar,Amour,83
Bihar,Araria,84
Bihar,Arrah,85
Bihar,Arwal,86
Bihar,Asthawan,87
Bihar,Atri,88
Bihar,Aurai,89
Bihar,Aurangabad,90
Bihar,Babubarhi,91
Bihar,Bachhwara,92
Bihar,Bagaha,93
Bihar,Bahadurganj,94
Bihar,Bahadurpur,95
Bihar,Baikunthpur,96
Bihar,Baisi,97
Bihar,Bajpatti,98
Bihar,Bakhri (sc),99
Bihar,Bakhtiarpur,100
Bihar,Balrampur,1
Bihar,Baniapur,2
Bihar,Banka,3
Bihar,Bankipur,4
Bihar,Banmankhi (sc),5
Bihar,Barachatti (sc),6
Bihar,Barari,7
Bihar,Barauli,8
Bihar,Barbigha,9
Bihar,Barh,10
Bihar,Barhara,11
Bihar,Barharia,12
Bihar,Baruraj,13
Bihar,Bathnaha (sc),14
Bihar,Begusarai,15
Bihar,Belaganj,16
Bihar,Beldaur,17
Bihar,Belhar,18
Bihar,Belsand,19
Bihar,Benipatti,20
Bihar,Benipur,21
Bihar,Bettiah,22
Bihar,Bhabua,23
Bihar,Bhagalpur,24
Bihar,Bhorey (sc),25
Bihar,Bibhutipur,26
Bihar,Bihariganj,27
Bihar,Biharsharif,28
Bihar,Bihpur,29
Bihar,Bikram,30
Bihar,Bisfi,31
Bihar,Bochaha (sc),32
Bihar,Bodh Gaya (sc),33
Bihar,Brahampur,34
Bihar,Buxar,35
Bihar,Chainpur,36
Bihar,Chakai,37
Bihar,Chanpatia,38
Bihar,Chapra,39
Bihar,Chenari (sc),40
Bihar,Cheria Bariarpur,41
Bihar,Chhatapur,42
Bihar,Chiraia,43
Bihar,Danapur,44
Bihar,Darauli (sc),45
Bihar,Daraundha,46
Bihar,Darbhanga,47
Bihar,Darbhanga Rural,48
Bihar,Dehri,49
Bihar,Dhaka,50
Bihar,Dhamdaha,51
Bihar,Dhauraiya (sc),52
Bihar,Digha,53
Bihar,Dinara,54
Bihar,Dumraon,55
Bihar,Ekma,56
Bihar,Fatuha,57
Bihar,Forbesganj,58
Bihar,Gaighat,59
Bihar,Garkha (sc),60
Bihar,Gaura Bauram,61
Bihar,Gaya Town,62
Bihar,Ghosi,63
Bihar,Gobindpur,64
Bihar,Goh,65
Bihar,Gopalganj,66
Bihar,Gopalpur,67
Bihar,Goriakothi,68
Bihar,Govindganj,69
Bihar,Gurua,70
Bihar,Hajipur,71
Bihar,Harlakhi,72
Bihar,Harnaut,73
Bihar,Harsidhi (sc),74
Bihar,Hasanpur,75
Bihar,Hathua,76
Bihar,Hayaghat,77
Bihar,Hilsa,78
Bihar,Hisua,79
Bihar,Imamganj (sc),80
Bihar,Islampur,81
Bihar,Jagdishpur,82
Bihar,Jahanabad,83
Bihar,Jale,84
Bihar,Jamalpur,85
Bihar,Jamui,86
Bihar,Jhajha,87
Bihar,Jhanjharpur,88
Bihar,Jokihat,89
Bihar,Kadwa,90
Bihar,Kahalgaon,91
Bihar,Kalyanpur,92
Bihar,Kalyanpur (sc),93
Bihar,Kanti,94
Bihar,Karakat,95
Bihar,Kargahar,96
Bihar,Kasba,97
Bihar,Katihar,98
Bihar,Katoria (st),99
Bihar,Keoti,100
Bihar,Kesaria,1
Bihar,Khagaria,2
Bihar,Khajauli,3
Bihar,Kishanganj,4
Bihar,Kochadhaman,5
Bihar,Korha (sc),6
Bihar,Kuchaikote,7
Bihar,Kumhrar,8
Bihar,Kurhani,9
Bihar,Kurtha,10
Bihar,Kusheshwar Asthan (sc),11
Bihar,Kutumba (sc),12
Bihar,Lakhisarai,13
Bihar,Lalganj,14
Bihar,Laukaha,15
Bihar,Lauriya,16
Bihar,Madhepura,17
Bihar,Madhuban,18
Bihar,Madhubani,19
Bihar,Maharajganj,20
Bihar,Mahishi,21
Bihar,Mahnar,22
Bihar,Mahua,23
Bihar,Makhadumapur (sc),24
Bihar,Maner,25
Bihar,Manihari (st),26
Bihar,Manjhi,27
Bihar,Marhaura,28
Bihar,Masaurhi (sc),29
Bihar,Matihani,30
Bihar,Minapur,31
Bihar,Mohania (sc),32
Bihar,Mohiuddinnagar,33
Bihar,Mokama,34
Bihar,Morwa,35
Bihar,Motihari,36
Bihar,Munger,37
Bihar,Muzaffarpur,38
Bihar,Nabinagar,39
Bihar,Nalanda,40
Bihar,Narkatia,41
Bihar,Narkatiaganj,42
Bihar,Narpatganj,43
Bihar,Nathnagar,44
Bihar,Nautan,45
Bihar,Nawada,46
Bihar,Nirmali,47
Bihar,Nokha,48
Bihar,Obra,49
Bihar,Paliganj,50
Bihar,Parbatta,51
Bihar,Parihar,52
Bihar,Paroo,53
Bihar,Parsa,54
Bihar,Patepur (sc),55
Bihar,Patna Sahib,56
Bihar,Phulparas,57
Bihar,Phulwari (sc),58
Bihar,Pipra,59
Bihar,Pirpainti (sc),60
Bihar,Pranpur,61
Bihar,Purnia,62
Bihar,Rafiganj,63
Bihar,Raghopur,64
Bihar,Raghunathpur,65
Bihar,Raja Pakar (sc),66
Bihar,Rajauli (sc),67
Bihar,Rajgir (sc),68
Bihar,Rajnagar (sc),69
Bihar,Rajpur (sc),70
Bihar,Ramgarh,71
Bihar,Ramnagar (sc),72
Bihar,Raniganj (sc),73
Bihar,Raxaul,74
Bihar,Riga,75
Bihar,Rosera (sc),76
Bihar,Runnisaidpur,77
Bihar,Rupauli,78
Bihar,Saharsa,79
Bihar,Sahebganj,80
Bihar,Sahebpur Kamal,81
Bihar,Sakra (sc),82
Bihar,Samastipur,83
Bihar,Sandesh,84
Bihar,Sarairanjan,85
Bihar,Sasaram,86
Bihar,Shahpur,87
Bihar,Sheikhpura,88
Bihar,Sheohar,89
Bihar,Sherghati,90
Bihar,Sikandra (sc),91
Bihar,Sikta,92
Bihar,Sikti,93
Bihar,Simri Bakhtiarpur,94
Bihar,Singheshwar (sc),95
Bihar,Sitamarhi,96
Bihar,Siwan,97
Bihar,Sonbarsha (sc),98
Bihar,Sonepur,99
Bihar,Sugauli,100
Bihar,Sultanganj,1
Bihar,Supaul,2
Bihar,Sursand,3
Bihar,Suryagarha,4
Bihar,Taraiya,5
Bihar,Tarapur,6
Bihar,Tarari,7
Bihar,Teghra,8
Bihar,Thakurganj,9
Bihar,Tikari,10
Bihar,Triveniganj (sc),11
Bihar,Ujiarpur,12
Bihar,Vaishali,13
Bihar,Valmiki Nagar,14
Bihar,Warisnagar,15
Bihar,Warsaliganj,16
Bihar,Wazirganj,17
Bihar,Ziradei,18
Chhattisgarh,Abhanpur,19
Chhattisgarh,Ahiwara,20
Chhattisgarh,Akaltara,21
Chhattisgarh,Ambikapur,22
Chhattisgarh,Antagarh,23
Chhattisgarh,Arang,24
Chhattisgarh,Baikunthpur,25
Chhattisgarh,Baloda Bazar,26
Chhattisgarh,Basna,27
Chhattisgarh,Bastar,28
Chhattisgarh,Beltara,29
Chhattisgarh,Bemetara,30
Chhattisgarh,Bhanupratappur,31
Chhattisgarh,Bharatpur-sonhat,32
Chhattisgarh,Bhatapara,33
Chhattisgarh,Bhatgaon,34
Chhattisgarh,Bhilai Nagar,35
Chhattisgarh,Bijapur,36
Chhattisgarh,Bilaigarh,37
Chhattisgarh,Bilaspur,38
Chhattisgarh,Bilha,39
Chhattisgarh,Bindranawagarh,40
Chhattisgarh,Chandrapur,41
Chhattisgarh,Chitrakot,42
Chhattisgarh,Dantewara,43
Chhattisgarh,Dhamtari,44
Chhattisgarh,Dharamjaigarh,45
Chhattisgarh,Dharsiwa,46
Chhattisgarh,Dondi Lahara,47
Chhattisgarh,Dongargaon,48
Chhattisgarh,Dongargarh,49
Chhattisgarh,Durg City,50
Chhattisgarh,Durg Gramin,51
Chhattisgarh,Gunderdehi,52
Chhattisgarh,Jagdalpur,53
Chhattisgarh,Jaijaipur,54
Chhattisgarh,Janjgir-champa,55
Chhattisgarh,Jashpur,56
Chhattisgarh,Kanker,57
Chhattisgarh,Kasdol,58
Chhattisgarh,Katghora,59
Chhattisgarh,Kawardha,60
Chhattisgarh,Keshkal,61
Chhattisgarh,Khairagarh,62
Chhattisgarh,Khallari,63
Chhattisgarh,Kharsia,64
Chhattisgarh,Khujji,65
Chhattisgarh,Kondagaon,66
Chhattisgarh,Konta,67
Chhattisgarh,Korba,68
Chhattisgarh,Kota,69
Chhattisgarh,Kunkuri,70
Chhattisgarh,Kurud,71
Chhattisgarh,Lailunga,72
Chhattisgarh,Lormi,73
Chhattisgarh,Lundra,74
Chhattisgarh,Mahasamund,75
Chhattisgarh,Manendragarh,76
Chhattisgarh,Marwahi,77
Chhattisgarh,Masturi,78
Chhattisgarh,Mohala-manpur,79
Chhattisgarh,Mungeli,80
Chhattisgarh,Narainpur,81
Chhattisgarh,Navagarh,82
Chhattisgarh,Pali-tanakhar,83
Chhattisgarh,Pamgarh,84
Chhattisgarh,Pandariya,85
Chhattisgarh,Patan,86
Chhattisgarh,Pathalgaon,87
Chhattisgarh,Pratappur,88
Chhattisgarh,Premnagar,89
Chhattisgarh,Raigarh,90
Chhattisgarh,Raipur City Gramin,91
Chhattisgarh,Raipur City North,92
Chhattisgarh,Raipur City South,93
Chhattisgarh,Raipur City West,94
Chhattisgarh,Rajim,95
Chhattisgarh,Rajnandgaon,96
Chhattisgarh,Ramanujganj,97
Chhattisgarh,Rampur,98
Chhattisgarh,Saja,99
Chhattisgarh,Sakti,100
Chhattisgarh,Samri,1
Chhattisgarh,Sanjari Balod,2
Chhattisgarh,Saraipali,3
Chhattisgarh,Sarangarh,4
Chhattisgarh,Sihawa,5
Chhattisgarh,Sitapur,6
Chhattisgarh,Takhatpur,7
Chhattisgarh,Vaishali Nagar,8
Delhi,Adarsh Nagar,9
Delhi,Ambedkar Nagar,10
Delhi,Babarpur,11
Delhi,Badarpur,12
Delhi,Badli,13
Delhi,Ballimaran,14
Delhi,Bawana,15
Delhi,Bijwasan,16
Delhi,Burari,17
Delhi,Chandni Chowk,18
Delhi,Chhatarpur,19
Delhi,Delhi Cantt,20
Delhi,Deoli,21
Delhi,Dwarka,22
Delhi,Gandhi Nagar,23
Delhi,Ghonda,24
Delhi,Gokalpur,25
Delhi,Greater Kailash,26
Delhi,Hari Nagar,27
Delhi,Janakpuri,28
Delhi,Jangpura,29
Delhi,Kalkaji,30
Delhi,Karawal Nagar,31
Delhi,Karol Bagh,32
Delhi,Kasturba Nagar,33
Delhi,Kirari,34
Delhi,Kondli,35
Delhi,Krishna Nagar,36
Delhi,Laxmi Nagar,37
Delhi,Madipur,38
Delhi,Malviya Nagar,39
Delhi,Mangol Puri,40
Delhi,Matia Mahal,41
Delhi,Matiala,42
Delhi,Mehrauli,43
Delhi,Model Town,44
Delhi,Moti Nagar,45
Delhi,Mundka,46
Delhi,Mustafabad,47
Delhi,Najafgarh,48
Delhi,Nangloi Jat,49
Delhi,Nerela,50
Delhi,New Delhi,51
Delhi,Okhla,52
Delhi,Palam,53
Delhi,Patel Nagar,54
Delhi,Patparganj,55
Delhi,R K Puram,56
Delhi,Rajinder Nagar,57
Delhi,Rajouri Garden,58
Delhi,Rithala,59
Delhi,Rohini,60
Delhi,Rohtas Nagar,61
Delhi,Sadar Bazar,62
Delhi,Sangam Vihar,63
Delhi,Seelampur,64
Delhi,Seema Puri,65
Delhi,Shahdara,66
Delhi,Shakur Basti,67
Delhi,Shalimar Bagh,68
Delhi,Sultanpur Majra,69
Delhi,Tilak Nagar,70
Delhi,Timarpur,71
Delhi,Tri Nagar,72
Delhi,Trilokpuri,73
Delhi,Tughlakabad,74
Delhi,Uttam Nagar,75
Delhi,Vikaspuri,76
Delhi,Vishwas Nagar,77
Delhi,Wazirpur,78
Goa,Aldona,79
Goa,Benaulim,80
Goa,Bicholim,81
Goa,Calangute,82
Goa,Canacona,83
Goa,Cortalim,84
Goa,Cumbarjua,85
Goa,Cuncolim,86
Goa,Curchorem,87
Goa,Curtorim,88
Goa,Dabolim,89
Goa,Fatorda,90
Goa,Maem,91
Goa,Mandrem,92
Goa,Mapusa,93
Goa,Marcaim,94
Goa,Margao,95
Goa,Mormugao,96
Goa,Navelim,97
Goa,Nuvem,98
Goa,Panaji,99
Goa,Pernem,100
Goa,Ponda,1
Goa,Poriem,2
Goa,Porvorim,3
Goa,Priol,4
Goa,Quepem,5
Goa,Saligao,6
Goa,Sanguem,7
Goa,Sanquelim,8
Goa,Sanvordem,9
Goa,Siolim,10
Goa,Siroda,11
Goa,St. Andre,12
Goa,St. Cruz,13
Goa,Taleigao,14
Goa,Tivim,15
Goa,Valpoi,16
Goa,Vasco-da-gama,17
Goa,Velim,18
Gujarat,Abdasa,19
Gujarat,Akota,20
Gujarat,Amraiwadi,21
Gujarat,Amreli,22
Gujarat,Anand,23
Gujarat,Anjar,24
Gujarat,Anklav,25
Gujarat,Ankleshwar,26
Gujarat,Asarwa,27
Gujarat,Balasinor,28
Gujarat,Bapunagar,29
Gujarat,Bardoli,30
Gujarat,Bayad,31
Gujarat,Becharaji,32
Gujarat,Bharuch,33
Gujarat,Bhavnagar East,34
Gujarat,Bhavnagar Rural,35
Gujarat,Bhavnagar West,36
Gujarat,Bhiloda,37
Gujarat,Bhuj,38
Gujarat,Borsad,39
Gujarat,Botad,40
Gujarat,Chanasma,41
Gujarat,Chhota Udaipur,42
Gujarat,Choryasi,43
Gujarat,Chotila,44
Gujarat,Dabhoi,45
Gujarat,Dahod,46
Gujarat,Dangs,47
Gujarat,Danilimda,48
Gujarat,Danta,49
Gujarat,Dariapur,50
Gujarat,Dasada,51
Gujarat,Daskroi,52
Gujarat,Dediyapada,53
Gujarat,Deesa,54
Gujarat,Dehgam,55
Gujarat,Deodar,56
Gujarat,Devgadbaria,57
Gujarat,Dhandhuka,58
Gujarat,Dhanera,59
Gujarat,Dharampur,60
Gujarat,Dhari,61
Gujarat,Dholka,62
Gujarat,Dhoraji,63
Gujarat,Dhrangadhra,64
Gujarat,Dwarka,65
Gujarat,Ellisbridge,66
Gujarat,Fatepura,67
Gujarat,Gadhada,68
Gujarat,Gandevi,69
Gujarat,Gandhidham,70
Gujarat,Gandhinagar North,71
Gujarat,Gandhinagar South,72
Gujarat,Garbada,73
Gujarat,Gariadhar,74
Gujarat,Ghatlodia,75
Gujarat,Godhra,76
Gujarat,Gondal,77
Gujarat,Halol,78
Gujarat,Himatnagar,79
Gujarat,Idar,80
Gujarat,Jalalpore,81
Gujarat,Jamalpur - Khadia,82
Gujarat,Jambusar,83
Gujarat,Jamjodhpur,84
Gujarat,Jamnagar North,85
Gujarat,Jamnagar Rural,86
Gujarat,Jamnagar South,87
Gujarat,Jasdan,88
Gujarat,Jetpur,89
Gujarat,Jhagadia,90
Gujarat,Jhalod,91
Gujarat,Junagadh,92
Gujarat,Kadi,93
Gujarat,Kalavad S.c.,94
Gujarat,Kalol,95
Gujarat,Kamrej,96
Gujarat,Kankrej,97
Gujarat,Kapadvanj,98
Gujarat,Kaprada,99
Gujarat,Karanj,100
Gujarat,Karjan,1
Gujarat,Katargam,2
Gujarat,Keshod,3
Gujarat,Khambhalia,4
Gujarat,Khambhat,5
Gujarat,Khedbrahma,6
Gujarat,Kheralu,7
Gujarat,Kodinar,8
Gujarat,Kutiyana,9
Gujarat,Lathi,10
Gujarat,Limbayat,11
Gujarat,Limbdi,12
Gujarat,Limkheda,13
Gujarat,Lunawada,14
Gujarat,Mahesana,15
Gujarat,Mahudha,16
Gujarat,Mahuva,17
Gujarat,Majura,18
Gujarat,Manavadar,19
Gujarat,Mandvi,20
Gujarat,Mangrol,21
Gujarat,Maninagar,22
Gujarat,Manjalpur,23
Gujarat,Mansa,24
Gujarat,Matar,25
Gujarat,Mehmedabad,26
Gujarat,Modasa,27
Gujarat,Morbi,28
Gujarat,Morva Hadaf,29
Gujarat,Nadiad,30
Gujarat,Nandod,31
Gujarat,Naranpura,32
Gujarat,Naroda,33
Gujarat,Navsari,34
Gujarat,Nikol,35
Gujarat,Nizar,36
Gujarat,Olpad,37
Gujarat,Padra,38
Gujarat,Palanpur,39
Gujarat,Palitana,40
Gujarat,Pardi,41
Gujarat,Patan,42
Gujarat,Petlad,43
Gujarat,Porbandar,44
Gujarat,Prantij,45
Gujarat,Radhanpur,46
Gujarat,Rajkot East,47
Gujarat,Rajkot Rural,48
Gujarat,Rajkot South,49
Gujarat,Rajkot West,50
Gujarat,Rajula,51
Gujarat,Raopura,52
Gujarat,Rapar,53
Gujarat,Sabarmati,54
Gujarat,Sanand,55
Gujarat,Sankheda,56
Gujarat,Santrampur,57
Gujarat,Savarkundla,58
Gujarat,Savli,59
Gujarat,Sayajigunj,60
Gujarat,Shahera,61
Gujarat,Siddhpur,62
Gujarat,Sojitra,63
Gujarat,Somnath,64
Gujarat,Surat East,65
Gujarat,Surat West,66
Gujarat,Talaja,67
Gujarat,Talala,68
Gujarat,Tankara,69
Gujarat,Thakkarbapa Nagar,70
Gujarat,Tharad,71
Gujarat,Thasra,72
Gujarat,Udhna,73
Gujarat,Umbergaon,74
Gujarat,Umreth,75
Gujarat,Una,76
Gujarat,Unjha,77
Gujarat,Vadgam,78
Gujarat,Vadodara City,79
Gujarat,Vaghodia,80
Gujarat,Vagra,81
Gujarat,Valsad,82
Gujarat,Vansda,83
Gujarat,Varachha Road,84
Gujarat,Vatva,85
Gujarat,Vav,86
Gujarat,Vejalpur,87
Gujarat,Vijapur,88
Gujarat,Viramgam,89
Gujarat,Visavadar,90
Gujarat,Visnagar,91
Gujarat,Vyara,92
Gujarat,Wadhwan,93
Gujarat,Wankaner,94
Haryana,Adampur,95
Haryana,Ambala Cantt.,96
Haryana,Ambala City,97
Haryana,Assandh,98
Haryana,Ateli,99
Haryana,Badhra,100
Haryana,Badkhal,1
Haryana,Badli,2
Haryana,Badshahpur,3
Haryana,Bahadurgarh,4
Haryana,Ballabhgarh,5
Haryana,Baroda,6
Haryana,Barwala,7
Haryana,Bawal (sc),8
Haryana,Bawani Khera (sc),9
Haryana,Beri,10
Haryana,Bhiwani,11
Haryana,Dabwali,12
Haryana,Dadri,13
Haryana,Ellenabad,14
Haryana,Faridabad,15
Haryana,Faridabad Nit,16
Haryana,Fatehabad,17
Haryana,Ferozepur Jhirka,18
Haryana,Ganaur,19
Haryana,Garhi Sampla-kiloi,20
Haryana,Gharaunda,21
Haryana,Gohana,22
Haryana,Guhla (sc),23
Haryana,Gurgaon,24
Haryana,Hansi,25
Haryana,Hathin,26
Haryana,Hisar,27
Haryana,Hodal (sc),28
Haryana,Indri,29
Haryana,Israna (sc),30
Haryana,Jagadhri,31
Haryana,Jhajjar (sc),32
Haryana,Jind,33
Haryana,Julana,34
Haryana,Kaithal,35
Haryana,Kalanaur (sc),36
Haryana,Kalawali (sc),37
Haryana,Kalayat,38
Haryana,Kalka,39
Haryana,Karnal,40
Haryana,Kharkhauda (sc),41
Haryana,Kosli,42
Haryana,Ladwa,43
Haryana,Loharu,44
Haryana,Mahendragarh,45
Haryana,Meham,46
Haryana,Mulana (sc),47
Haryana,Nalwa,48
Haryana,Nangal Chaudhry,49
Haryana,Naraingarh,50
Haryana,Narnaul,51
Haryana,Narnaund,52
Haryana,Narwana (sc),53
Haryana,Nilokheri (sc),54
Haryana,Nuh,55
Haryana,Palwal,56
Haryana,Panchkula,57
Haryana,Panipat City,58
Haryana,Panipat Rural,59
Haryana,Pataudi (sc),60
Haryana,Pehowa,61
Haryana,Prithla,62
Haryana,Punahana,63
Haryana,Pundri,64
Haryana,Radaur,65
Haryana,Rai,66
Haryana,Rania,67
Haryana,Ratia (sc),68
Haryana,Rewari,69
Haryana,Rohtak,70
Haryana,Sadhaura (sc),71
Haryana,Safidon,72
Haryana,Samalkha,73
Haryana,Shahbad (sc),74
Haryana,Sirsa,75
Haryana,Sohna,76
Haryana,Sonipat,77
Haryana,Thanesar,78
Haryana,Tigaon,79
Haryana,Tohana,80
Haryana,Tosham,81
Haryana,Uchana Kalan,82
Haryana,Uklana (sc),83
Haryana,Yamunanagar,84
Himachal Pradesh,Anni,85
Himachal Pradesh,Arki,86
Himachal Pradesh,Baijnath,87
Himachal Pradesh,Balh,88
Himachal Pradesh,Banjar,89
Himachal Pradesh,Barsar,90
Himachal Pradesh,Bharmour,91
Himachal Pradesh,Bhattiyat,92
Himachal Pradesh,Bhoranj,93
Himachal Pradesh,Bilaspur,94
Himachal Pradesh,Chamba,95
Himachal Pradesh,Chintpurni,96
Himachal Pradesh,Chopal,97
Himachal Pradesh,Churah,98
Himachal Pradesh,Dalhousie,99
Himachal Pradesh,Darang,100
Himachal Pradesh,Dehra,1
Himachal Pradesh,Dharampur,2
Himachal Pradesh,Dharamshala,3
Himachal Pradesh,Doon,4
Himachal Pradesh,Fatehpur,5
Himachal Pradesh,Gagret,6
Himachal Pradesh,Ghumarwin,7
Himachal Pradesh,Hamirpur,8
Himachal Pradesh,Haroli,9
Himachal Pradesh,Indora,10
Himachal Pradesh,Jaisinghpur,11
Himachal Pradesh,Jaswan-pragpur,12
Himachal Pradesh,Jawalamukhi,13
Himachal Pradesh,Jawali,14
Himachal Pradesh,Jhanduta,15
Himachal Pradesh,Jogindernagar,16
Himachal Pradesh,Jubbal-kotkhai,17
Himachal Pradesh,Kangra,18
Himachal Pradesh,Karsog,19
Himachal Pradesh,Kasauli,20
Himachal Pradesh,Kasumpti,21
Himachal Pradesh,Kinnaur,22
Himachal Pradesh,Kullu,23
Himachal Pradesh,Kutlehar,24
Himachal Pradesh,Lahaul & Spiti,25
Himachal Pradesh,Manali,26
Himachal Pradesh,Mandi,27
Himachal Pradesh,Nachan,28
Himachal Pradesh,Nadaun,29
Himachal Pradesh,Nagrota,30
Himachal Pradesh,Nahan,31
Himachal Pradesh,Nalagarh,32
Himachal Pradesh,Nurpur,33
Himachal Pradesh,Pachhad,34
Himachal Pradesh,Palampur,35
Himachal Pradesh,Paonta Sahib,36
Himachal Pradesh,Rampur,37
Himachal Pradesh,Rohru,38
Himachal Pradesh,Sarkaghat,39
Himachal Pradesh,Seraj,40
Himachal Pradesh,Shahpur,41
Himachal Pradesh,Shillai,42
Himachal Pradesh,Shimla,43
Himachal Pradesh,Shimla Rural,44
Himachal Pradesh,Solan,45
Himachal Pradesh,Sri Naina Deviji,46
Himachal Pradesh,Sri Renukaji,47
Himachal Pradesh,Sujanpur,48
Himachal Pradesh,Sullah,49
Himachal Pradesh,Sundernagar,50
Himachal Pradesh,Theog,51
Himachal Pradesh,Una,52
Jammu & Kashmir,Akhnoor,53
Jammu & Kashmir,Amira Kadal,54
Jammu & Kashmir,Anantnag,55
Jammu & Kashmir,Bandipora,56
Jammu & Kashmir,Bani,57
Jammu & Kashmir,Banihal,58
Jammu & Kashmir,Baramulla,59
Jammu & Kashmir,Basohli,60
Jammu & Kashmir,Batmaloo,61
Jammu & Kashmir,Beerwah,62
Jammu & Kashmir,Bhaderwah,63
Jammu & Kashmir,Bijbehara,64
Jammu & Kashmir,Billawar,65
Jammu & Kashmir,Bishnah,66
Jammu & Kashmir,Budgam,67
Jammu & Kashmir,Chadoora,68
Jammu & Kashmir,Chenani,69
Jammu & Kashmir,Chhamb,70
Jammu & Kashmir,Chrar-i-sharief,71
Jammu & Kashmir,Darhal,72
Jammu & Kashmir,Devsar,73
Jammu & Kashmir,Doda,74
Jammu & Kashmir,Dooru,75
Jammu & Kashmir,Eidgah,76
Jammu & Kashmir,Ganderbal,77
Jammu & Kashmir,Gandhi Nagar,78
Jammu & Kashmir,Gool Arnas,79
Jammu & Kashmir,Gulab Garh,80
Jammu & Kashmir,Gulmarg,81
Jammu & Kashmir,Gurez,82
Jammu & Kashmir,Habba Kadal,83
Jammu & Kashmir,Handwara,84
Jammu & Kashmir,Hazratbal,85
Jammu & Kashmir,Hira Nagar,86
Jammu & Kashmir,Hom Shali Bugh,87
Jammu & Kashmir,Inderwal,88
Jammu & Kashmir,Jammu East,89
Jammu & Kashmir,Jammu West,90
Jammu & Kashmir,Kala Kote,91
Jammu & Kashmir,Kangan,92
Jammu & Kashmir,Kargil,93
Jammu & Kashmir,Karnah,94
Jammu & Kashmir,Kathua,95
Jammu & Kashmir,Khan Sahib,96
Jammu & Kashmir,Khanyar,97
Jammu & Kashmir,Kishtwar,98
Jammu & Kashmir,Kokernag,99
Jammu & Kashmir,Kulgam,100
Jammu & Kashmir,Kupwara,1
Jammu & Kashmir,Langate,2
Jammu & Kashmir,Leh,3
Jammu & Kashmir,Lolab,4
Jammu & Kashmir,Marh,5
Jammu & Kashmir,Mendhar,6
Jammu & Kashmir,Nagrota,7
Jammu & Kashmir,Noorabad,8
Jammu & Kashmir,Nowshera,9
Jammu & Kashmir,Nubra,10
Jammu & Kashmir,Pahalgam,11
Jammu & Kashmir,Pampore,12
Jammu & Kashmir,Pattan,13
Jammu & Kashmir,Poonch Haveli,14
Jammu & Kashmir,Pulwama,15
Jammu & Kashmir,Rafiabad,16
Jammu & Kashmir,Raipur Domana,17
Jammu & Kashmir,Rajouri,18
Jammu & Kashmir,Rajpora,19
Jammu & Kashmir,Ram Nagar,20
Jammu & Kashmir,Ramban,21
Jammu & Kashmir,Ranbir Singh Pura,22
Jammu & Kashmir,Reasi,23
Jammu & Kashmir,Samba,24
Jammu & Kashmir,Sangrama,25
Jammu & Kashmir,Shangus,26
Jammu & Kashmir,Shopian,27
Jammu & Kashmir,Sonawar,28
Jammu & Kashmir,Sonawari,29
Jammu & Kashmir,Sopore,30
Jammu & Kashmir,Suchet Garh,31
Jammu & Kashmir,Surankote,32
Jammu & Kashmir,Tral,33
Jammu & Kashmir,Udhampur,34
Jammu & Kashmir,Uri,35
Jammu & Kashmir,Vijay Pur,36
Jammu & Kashmir,Wachi,37
Jammu & Kashmir,Zadibal,38
Jammu & Kashmir,Zanskar,39
Jharkhand,Baghmara,40
Jharkhand,Bagodar,41
Jharkhand,Baharagora,42
Jharkhand,Barhait,43
Jharkhand,Barhi,44
Jharkhand,Barkagaon,45
Jharkhand,Barkatha,46
Jharkhand,Bermo,47
Jharkhand,Bhawanathpur,48
Jharkhand,Bishrampur,49
Jharkhand,Bishunpur,50
Jharkhand,Bokaro,51
Jharkhand,Borio,52
Jharkhand,Chaibasa,53
Jharkhand,Chakradharpur,54
Jharkhand,Chandankyari,55
Jharkhand,Chatra,56
Jharkhand,Chattarpur,57
Jharkhand,Daltonganj,58
Jharkhand,Deoghar,59
Jharkhand,Dhanbad,60
Jharkhand,Dhanwar,61
Jharkhand,Dumka,62
Jharkhand,Dumri,63
Jharkhand,Gandey,64
Jharkhand,Garhwa,65
Jharkhand,Ghatsila,66
Jharkhand,Giridih,67
Jharkhand,Godda,68
Jharkhand,Gomia,69
Jharkhand,Gumla,70
Jharkhand,Hatia,71
Jharkhand,Hazaribagh,72
Jharkhand,Hussainabad,73
Jharkhand,Ichagarh,74
Jharkhand,Jaganathpur,75
Jharkhand,Jama,76
Jharkhand,Jamshedpur East,77
Jharkhand,Jamshedpur West,78
Jharkhand,Jamtara,79
Jharkhand,Jamua,80
Jharkhand,Jarmundi,81
Jharkhand,Jharia,82
Jharkhand,Jugsalai,83
Jharkhand,Kanke,84
Jharkhand,Kharasawan,85
Jharkhand,Khijri,86
Jharkhand,Khunti,87
Jharkhand,Kodarma,88
Jharkhand,Kolebira,89
Jharkhand,Latehar,90
Jharkhand,Littipara,91
Jharkhand,Lohardaga,92
Jharkhand,Madhupur,93
Jharkhand,Mahagama,94
Jharkhand,Maheshpur,95
Jharkhand,Majhganon,96
Jharkhand,Mandar,97
Jharkhand,Mandu,98
Jharkhand,Manika,99
Jharkhand,Manoharpur,100
Jharkhand,Nala,1
Jharkhand,Nirsa,2
Jharkhand,Pakur,3
Jharkhand,Panki,4
Jharkhand,Poreyahat,5
Jharkhand,Potka,6
Jharkhand,Rajmahal,7
Jharkhand,Ramgarh,8
Jharkhand,Ranchi,9
Jharkhand,Saraikella,10
Jharkhand,Sarath,11
Jharkhand,Shikaripara,12
Jharkhand,Silli,13
Jharkhand,Simaria,14
Jharkhand,Simdega,15
Jharkhand,Sindri,16
Jharkhand,Sisai,17
Jharkhand,Tamar,18
Jharkhand,Torpa,19
Jharkhand,Tundi,20
Karnataka,Afzalpur,21
Karnataka,Aland,22
Karnataka,Anekal,23
Karnataka,Arabhavi,24
Karnataka,Arkalgud,25
Karnataka,Arsikere,26
Karnataka,Athani,27
Karnataka,Aurad,28
Karnataka,B.t.m.layout,29
Karnataka,Babaleshwar,30
Karnataka,Badami,31
Karnataka,Bagalkot,32
Karnataka,Bagepalli,33
Karnataka,Bailhongal,34
Karnataka,Bangalore South,35
Karnataka,Bangarapet,36
Karnataka,Bantval,37
Karnataka,Basavakalyan,38
Karnataka,Basavana Bagevadi,39
Karnataka,Basavanagudi,40
Karnataka,Belgaum Dakshin,41
Karnataka,Belgaum Rural,42
Karnataka,Belgaum Uttar,43
Karnataka,Bellary,44
Karnataka,Bellary City,45
Karnataka,Belthangady,46
Karnataka,Belur,47
Karnataka,Bhadravati,48
Karnataka,Bhalki,49
Karnataka,Bhatkal,50
Karnataka,Bidar,51
Karnataka,Bidar South,52
Karnataka,Bijapur City,53
Karnataka,Bilgi,54
Karnataka,Bommanahalli,55
Karnataka,Byadgi,56
Karnataka,Byatarayanapura,57
Karnataka,Byndoor,58
Karnataka,C.v. Raman Nagar,59
Karnataka,Challakere,60
Karnataka,Chamaraja,61
Karnataka,Chamarajanagar,62
Karnataka,Chamrajpet,63
Karnataka,Chamundeshwari,64
Karnataka,Channagiri,65
Karnataka,Channapatna,66
Karnataka,Chickpet,67
Karnataka,Chikkaballapur,68
Karnataka,Chikkodi-sadalga,69
Karnataka,Chikmagalur,70
Karnataka,Chincholi,71
Karnataka,Chintamani,72
Karnataka,Chitradurga,73
Karnataka,Chittapur,74
Karnataka,Dasarahalli,75
Karnataka,Davanagere North,76
Karnataka,Davanagere South,77
Karnataka,Devadurga,78
Karnataka,Devanahalli,79
Karnataka,Devar Hippargi,80
Karnataka,Dharwad,81
Karnataka,Gadag,82
Karnataka,Gandhi Nagar,83
Karnataka,Gangawati,84
Karnataka,Gauribidanur,85
Karnataka,Gokak,86
Karnataka,Govindraj Nagar,87
Karnataka,Gulbarga Dakshin,88
Karnataka,Gulbarga Rural,89
Karnataka,Gulbarga Uttar,90
Karnataka,Gundlupet,91
Karnataka,Gurmitkal,92
Karnataka,Hagaribommanahalli,93
Karnataka,Hangal,94
Karnataka,Hanur,95
Karnataka,Harapanahalli,96
Karnataka,Harihar,97
Karnataka,Hassan,98
Karnataka,Haveri,99
Karnataka,Hebbal,100
Karnataka,Heggadadevankote,1
Karnataka,Hirekerur,2
Karnataka,Hiriyur,3
Karnataka,Holalkere,4
Karnataka,Holenarasipur,5
Karnataka,Honnali,6
Karnataka,Hosakote,7
Karnataka,Hubli-dharwad- West,8
Karnataka,Hubli-dharwad-central,9
Karnataka,Hubli-dharwad-east,10
Karnataka,Hukkeri,11
Karnataka,Humnabad,12
Karnataka,Hungund,13
Karnataka,Hunsur,14
Karnataka,Indi,15
Karnataka,Jagalur,16
Karnataka,Jamkhandi,17
Karnataka,Jayanagar,18
Karnataka,Jevargi,19
Karnataka,K.r.pura,20
Karnataka,Kadur,21
Karnataka,Kagwad,22
Karnataka,Kalghatgi,23
Karnataka,Kampli,24
Karnataka,Kanakagiri,25
Karnataka,Kanakapura,26
Karnataka,Karkal,27
Karnataka,Khanapur,28
Karnataka,Kittur,29
Karnataka,Kolar,30
Karnataka,Kolar Gold Field,31
Karnataka,Kollegal,32
Karnataka,Koppal,33
Karnataka,Koratagere,34
Karnataka,Krishnaraja,35
Karnataka,Krishnarajanagara,36
Karnataka,Krishnarajpet,37
Karnataka,Kudachi,38
Karnataka,Kudligi,39
Karnataka,Kundgol,40
Karnataka,Kushtagi,41
Karnataka,Lingsugur,42
Karnataka,Maddur,43
Karnataka,Madikeri,44
Karnataka,Magadi,45
Karnataka,Mahadevapura,46
Karnataka,Mahalakshmi Layout,47
Karnataka,Malavalli,48
Karnataka,Malleshwaram,49
Karnataka,Malur,50
Karnataka,Mandya,51
Karnataka,Mangalore,52
Karnataka,Mangalore City North,53
Karnataka,Mangalore City South,54
Karnataka,Manvi,55
Karnataka,Maski,56
Karnataka,Mayakonda,57
Karnataka,Melukote,58
Karnataka,Molakalmuru,59
Karnataka,Moodabidri,60
Karnataka,Muddebihal,61
Karnataka,Mudhol,62
Karnataka,Mudigere,63
Karnataka,Mulbagal,64
Karnataka,Nagamangala,65
Karnataka,Nagthan,66
Karnataka,Nanjangud,67
Karnataka,Narasimharaja,68
Karnataka,Nargund,69
Karnataka,Navalgund,70
Karnataka,Nippani,71
Karnataka,Padmanaba Nagar,72
Karnataka,Pavagada,73
Karnataka,Periyapatna,74
Karnataka,Pulakeshinagar,75
Karnataka,Puttur,76
Karnataka,Raichur,77
Karnataka,Raichur Rural,78
Karnataka,Rajaji Nagar,79
Karnataka,Rajarajeshwarinagar,80
Karnataka,Ramanagaram,81
Karnataka,Ramdurg,82
Karnataka,Ranibennur,83
Karnataka,Raybag,84
Karnataka,Ron,85
Karnataka,Sagar,86
Karnataka,Sakleshpur,87
Karnataka,Sandur,88
Karnataka,Sarvagnanagar,89
Karnataka,Saundatti Yellamma,90
Karnataka,Sedam,91
Karnataka,Shahapur,92
Karnataka,Shanti Nagar,93
Karnataka,Shiggaon,94
Karnataka,Shikaripura,95
Karnataka,Shimoga Rural,96
Karnataka,Shirahatti,97
Karnataka,Shivajinagar,98
Karnataka,Shorapur,99
Karnataka,Shravanabelagola,100
Karnataka,Shrirangapattana,1
Karnataka,Sidlaghatta,2
Karnataka,Sindgi,3
Karnataka,Sindhanur,4
Karnataka,Sirsi,5
Karnataka,Siruguppa,6
Karnataka,Sorab,7
Karnataka,Sringeri,8
Karnataka,Srinivaspur,9
Karnataka,Sullia,10
Karnataka,T.narasipur,11
Karnataka,Tarikere,12
Karnataka,Terdal,13
Karnataka,Tiptur,14
Karnataka,Tumkur City,15
Karnataka,Tumkur Rural,16
Karnataka,Varuna,17
Karnataka,Vijay Nagar,18
Karnataka,Vijayanagara,19
Karnataka,Virajpet,20
Karnataka,Yadgir,21
Karnataka,Yelahanka,22
Karnataka,Yellapur,23
Karnataka,Yemkanmardi,24
Karnataka,Yeshvanthapura,25
Kerala,Adoor,26
Kerala,Alappuzha,27
Kerala,Alathur,28
Kerala,Aluva,29
Kerala,Ambalapuzha,30
Kerala,Angamaly,31
Kerala,Aranmula,32
Kerala,Aroor,33
Kerala,Aruvikkara,34
Kerala,Attingal,35
Kerala,Azhikode,36
Kerala,Balusseri,37
Kerala,Beypore,38
Kerala,Chadayamangalam,39
Kerala,Chalakkudy,40
Kerala,Changanassery,41
Kerala,Chathannur,42
Kerala,Chavara,43
Kerala,Chelakkara,44
Kerala,Chengannur,45
Kerala,Cherthala,46
Kerala,Chirayinkeezhu,47
Kerala,Chittur,48
Kerala,Devikulam,49
Kerala,Dharmadam,50
Kerala,Elathur,51
Kerala,Eranad,52
Kerala,Eranakulam,53
Kerala,Eravipuram,54
Kerala,Ettumanoor,55
Kerala,Guruvayoor,56
Kerala,Haripad,57
Kerala,Idukki,58
Kerala,Irikkur,59
Kerala,Irinjalakkuda,60
Kerala,Kaduthuruthy,61
Kerala,Kaipamangalam,62
Kerala,Kalamassery,63
Kerala,Kalliasseri,64
Kerala,Kalpetta,65
Kerala,Kanhangad,66
Kerala,Kanjirappally,67
Kerala,Kannur,68
Kerala,Karunagappally,69
Kerala,Kasaragod,70
Kerala,Kattakkada,71
Kerala,Kayamkulam,72
Kerala,Kazhakkoottam,73
Kerala,Kochi,74
Kerala,Kodungallur,75
Kerala,Koduvally,76
Kerala,Kollam,77
Kerala,Kondotty,78
Kerala,Kongad,79
Kerala,Konni,80
Kerala,Kothamangalam,81
Kerala,Kottakkal,82
Kerala,Kottarakkara,83
Kerala,Kottayam,84
Kerala,Kovalam,85
Kerala,Kozhikode North,86
Kerala,Kozhikode South,87
Kerala,Kundara,88
Kerala,Kunnamangalam,89
Kerala,Kunnamkulam,90
Kerala,Kunnathunad,91
Kerala,Kunnathur,92
Kerala,Kuthuparamba,93
Kerala,Kuttanad,94
Kerala,Kuttiadi,95
Kerala,Malampuzha,96
Kerala,Malappuram,97
Kerala,Manalur,98
Kerala,Mananthavady,99
Kerala,Manjeri,100
Kerala,Manjeshwar,1
Kerala,Mankada,2
Kerala,Mannarkad,3
Kerala,Mattannur,4
Kerala,Mavelikara,5
Kerala,Muvattupuzha,6
Kerala,Nadapuram,7
Kerala,Nattika,8
Kerala,Nedumangad,9
Kerala,Nemom,10
Kerala,Nenmara,11
Kerala,Neyyattinkara,12
Kerala,Nilambur,13
Kerala,Ollur,14
Kerala,Ottapalam,15
Kerala,Pala,16
Kerala,Palakkad,17
Kerala,Parassala,18
Kerala,Paravur,19
Kerala,Pathanapuram,20
Kerala,Pattambi,21
Kerala,Payyannur,22
Kerala,Peerumade,23
Kerala,Perambra,24
Kerala,Peravoor,25
Kerala,Perinthalmanna,26
Kerala,Perumbavoor,27
Kerala,Piravom,28
Kerala,Ponnani,29
Kerala,Poonjar,30
Kerala,Punalur,31
Kerala,Puthukkad,32
Kerala,Puthuppally,33
Kerala,Quilandy,34
Kerala,Ranni,35
Kerala,Shornur,36
Kerala,Sulthanbathery,37
Kerala,Taliparamba,38
Kerala,Tanur,39
Kerala,Tarur,40
Kerala,Thalassery,41
Kerala,Thavanur,42
Kerala,Thiruvalla,43
Kerala,Thiruvambady,44
Kerala,Thiruvananthapuram,45
Kerala,Thodupuzha,46
Kerala,Thrikkakara,47
Kerala,Thripunithura,48
Kerala,Thrissur,49
Kerala,Thrithala,50
Kerala,Tirur,51
Kerala,Tirurangadi,52
Kerala,Trikaripur,53
Kerala,Udma,54
Kerala,Udumbanchola,55
Kerala,Vadakara,56
Kerala,Vaikom,57
Kerala,Vallikkunnu,58
Kerala,Vamanapuram,59
Kerala,Varkala,60
Kerala,Vattiyoorkavu,61
Kerala,Vengara,62
Kerala,Vypen,63
Kerala,Wadakkanchery,64
Kerala,Wandoor,65
Madhya Pradesh,Agar,66
Madhya Pradesh,Alirajpur,67
Madhya Pradesh,Alote,68
Madhya Pradesh,Amarpatan,69
Madhya Pradesh,Amarwara,70
Madhya Pradesh,Ambah,71
Madhya Pradesh,Amla,72
Madhya Pradesh,Anuppur,73
Madhya Pradesh,Ashok Nagar,74
Madhya Pradesh,Ashta,75
Madhya Pradesh,Ater,76
Madhya Pradesh,Badnagar,77
Madhya Pradesh,Badnawar,78
Madhya Pradesh,Badwaha,79
Madhya Pradesh,Badwara,80
Madhya Pradesh,Bagli,81
Madhya Pradesh,Bahoriband,82
Madhya Pradesh,Baihar,83
Madhya Pradesh,Balaghat,84
Madhya Pradesh,Bamori,85
Madhya Pradesh,Banda,86
Madhya Pradesh,Bandhavgarh,87
Madhya Pradesh,Barghat,88
Madhya Pradesh,Bargi,89
Madhya Pradesh,Barwani (s.t.),90
Madhya Pradesh,Basoda,91
Madhya Pradesh,Beohari,92
Madhya Pradesh,Berasia,93
Madhya Pradesh,Betul,94
Madhya Pradesh,Bhagwanpura,95
Madhya Pradesh,Bhainsdehi,96
Madhya Pradesh,Bhander,97
Madhya Pradesh,Bhikangaon,98
Madhya Pradesh,Bhind,99
Madhya Pradesh,Bhitrwar,100
Madhya Pradesh,Bhojpur,1
Madhya Pradesh,Bhopal Dakshina-pashchim,2
Madhya Pradesh,Bhopal Madhya,3
Madhya Pradesh,Bhopal Uttar,4
Madhya Pradesh,Biaora,5
Madhya Pradesh,Bichhiya,6
Madhya Pradesh,Bijawar,7
Madhya Pradesh,Bina,8
Madhya Pradesh,Budhni,9
Madhya Pradesh,Burhanpur,10
Madhya Pradesh,Chachoda,11
Madhya Pradesh,Chanderi,12
Madhya Pradesh,Chandla,13
Madhya Pradesh,Chhatarpur,14
Madhya Pradesh,Chhindwara,15
Madhya Pradesh,Chitrakoot,16
Madhya Pradesh,Chitrangi,17
Madhya Pradesh,Churai,18
Madhya Pradesh,Churhat,19
Madhya Pradesh,Dabara,20
Madhya Pradesh,Damoh,21
Madhya Pradesh,Datia,22
Madhya Pradesh,Deori,23
Madhya Pradesh,Deotalab,24
Madhya Pradesh,Depalpur,25
Madhya Pradesh,Devsar,26
Madhya Pradesh,Dewas,27
Madhya Pradesh,Dhar,28
Madhya Pradesh,Dharampuri,29
Madhya Pradesh,Dhouhani,30
Madhya Pradesh,Dimani,31
Madhya Pradesh,Dindori,32
Madhya Pradesh,Dr.ambedkar Nagar -mhow,33
Madhya Pradesh,Gadarwara,34
Madhya Pradesh,Gandhwani,35
Madhya Pradesh,Garoth,36
Madhya Pradesh,Ghatiya,37
Madhya Pradesh,Ghodadongri,38
Madhya Pradesh,Gohad,39
Madhya Pradesh,Gotegaon,40
Madhya Pradesh,Govindpura,41
Madhya Pradesh,Guna,42
Madhya Pradesh,Gunnour,43
Madhya Pradesh,Gurh,44
Madhya Pradesh,Gwalior,45
Madhya Pradesh,Gwalior East,46
Madhya Pradesh,Gwalior Rural,47
Madhya Pradesh,Gwalior South,48
Madhya Pradesh,Harda,49
Madhya Pradesh,Harsud,50
Madhya Pradesh,Hatpipliya,51
Madhya Pradesh,Hatta,52
Madhya Pradesh,Hoshangabad,53
Madhya Pradesh,Huzur,54
Madhya Pradesh,Ichhawar,55
Madhya Pradesh,Indore-1,56
Madhya Pradesh,Indore-2,57
Madhya Pradesh,Indore-3,58
Madhya Pradesh,Indore-4,59
Madhya Pradesh,Indore-5,60
Madhya Pradesh,Jabalpur Cantt,61
Madhya Pradesh,Jabalpur East,62
Madhya Pradesh,Jabalpur North,63
Madhya Pradesh,Jabalpur West,64
Madhya Pradesh,Jabera,65
Madhya Pradesh,Jaisinghnagar,66
Madhya Pradesh,Jaitpur,67
Madhya Pradesh,Jaora,68
Madhya Pradesh,Jatara,69
Madhya Pradesh,Jaura,70
Madhya Pradesh,Jawad,71
Madhya Pradesh,Jhabua,72
Madhya Pradesh,Jobat,73
Madhya Pradesh,Junnardeo,74
Madhya Pradesh,Kalapipal,75
Madhya Pradesh,Karera,76
Madhya Pradesh,Kasrawad,77
Madhya Pradesh,Katangi,78
Madhya Pradesh,Keolari,79
Madhya Pradesh,Khandwa,80
Madhya Pradesh,Khargapur,81
Madhya Pradesh,Khargone,82
Madhya Pradesh,Khategaon,83
Madhya Pradesh,Khilchipur,84
Madhya Pradesh,Khurai,85
Madhya Pradesh,Kolaras,86
Madhya Pradesh,Kotama,87
Madhya Pradesh,Kukshi,88
Madhya Pradesh,Kurwai (sc),89
Madhya Pradesh,Lahar,90
Madhya Pradesh,Lakhanadon,91
Madhya Pradesh,Lanji,92
Madhya Pradesh,Maharajpur,93
Madhya Pradesh,Maheshwar,94
Madhya Pradesh,Mahidpur,95
Madhya Pradesh,Maihar,96
Madhya Pradesh,Malhara,97
Madhya Pradesh,Malhargarh,98
Madhya Pradesh,Manapur,99
Madhya Pradesh,Manasa,100
Madhya Pradesh,Manawar,1
Madhya Pradesh,Mandhata,2
Madhya Pradesh,Mandla,3
Madhya Pradesh,Mandsour,4
Madhya Pradesh,Mangawan,5
Madhya Pradesh,Mauganj,6
Madhya Pradesh,Mehgaon,7
Madhya Pradesh,Morena,8
Madhya Pradesh,Mudwara,9
Madhya Pradesh,Multai,10
Madhya Pradesh,Mungaoli,11
Madhya Pradesh,Nagada - Khacharod,12
Madhya Pradesh,Nagod,13
Madhya Pradesh,Narela,14
Madhya Pradesh,Narsinghgarh,15
Madhya Pradesh,Narsingpur,16
Madhya Pradesh,Naryawali,17
Madhya Pradesh,Neemuch,18
Madhya Pradesh,Nepanagar,19
Madhya Pradesh,Niwari,20
Madhya Pradesh,Niwas,21
Madhya Pradesh,Panagar,22
Madhya Pradesh,Pandhana,23
Madhya Pradesh,Pandhurna,24
Madhya Pradesh,Panna,25
Madhya Pradesh,Pansemal (s.t.),26
Madhya Pradesh,Parasiya,27
Madhya Pradesh,Paraswada,28
Madhya Pradesh,Patan,29
Madhya Pradesh,Pathariya,30
Madhya Pradesh,Pawai,31
Madhya Pradesh,Petlawad,32
Madhya Pradesh,Pichhore,33
Madhya Pradesh,Pipariya,34
Madhya Pradesh,Pohari,35
Madhya Pradesh,Prithvipur,36
Madhya Pradesh,Pusprajgarh,37
Madhya Pradesh,Raghogarh,38
Madhya Pradesh,Raigaon,39
Madhya Pradesh,Rajgarh,40
Madhya Pradesh,Rajnagar,41
Madhya Pradesh,Rajpur (s.t.),42
Madhya Pradesh,Rampur Baghelan,43
Madhya Pradesh,Ratlam City,44
Madhya Pradesh,Ratlam Rural,45
Madhya Pradesh,Rau,46
Madhya Pradesh,Rehli,47
Madhya Pradesh,Rewa,48
Madhya Pradesh,Sabalagadh,49
Madhya Pradesh,Sagar,50
Madhya Pradesh,Sailana,51
Madhya Pradesh,Sanchi (sc),52
Madhya Pradesh,Sanwer,53
Madhya Pradesh,Sarangpur,54
Madhya Pradesh,Sardarpur,55
Madhya Pradesh,Satna,56
Madhya Pradesh,Sausar,57
Madhya Pradesh,Sehore,58
Madhya Pradesh,Semariya,59
Madhya Pradesh,Sendhwa (s.t.),60
Madhya Pradesh,Seoni,61
Madhya Pradesh,Seoni Malwa,62
Madhya Pradesh,Sewda,63
Madhya Pradesh,Shahpura,64
Madhya Pradesh,Shajapur,65
Madhya Pradesh,Shamshabad,66
Madhya Pradesh,Sheopur,67
Madhya Pradesh,Shivpuri,68
Madhya Pradesh,Shujalpur,69
Madhya Pradesh,Sidhi,70
Madhya Pradesh,Sihawal,71
Madhya Pradesh,Sihora,72
Madhya Pradesh,Silwani,73
Madhya Pradesh,Singarouli,74
Madhya Pradesh,Sirmour,75
Madhya Pradesh,Sironj,76
Madhya Pradesh,Sohagpur,77
Madhya Pradesh,Sonkatch,78
Madhya Pradesh,Sumaoli,79
Madhya Pradesh,Surkhi,80
Madhya Pradesh,Susner,81
Madhya Pradesh,Suwasra,82
Madhya Pradesh,Tarana,83
Madhya Pradesh,Tendukheda,84
Madhya Pradesh,Teonthar,85
Madhya Pradesh,Thandla,86
Madhya Pradesh,Tikamgarh,87
Madhya Pradesh,Timarni,88
Madhya Pradesh,Udaipura,89
Madhya Pradesh,Ujjain North,90
Madhya Pradesh,Ujjain South,91
Madhya Pradesh,Vidisha,92
Madhya Pradesh,Vijaypur,93
Madhya Pradesh,Vijayraghavgarh,94
Madhya Pradesh,Waraseoni,95
Maharashtra,Achalpur,96
Maharashtra,Aheri,97
Maharashtra,Ahmadpur,98
Maharashtra,Ahmednagar City,99
Maharashtra,Airoli,100
Maharashtra,Akkalkot,1
Maharashtra,Akkalkuwa,2
Maharashtra,Akola East,3
Maharashtra,Akola West,4
Maharashtra,Akole,5
Maharashtra,Akot,6
Maharashtra,Alibag,7
Maharashtra,Amalner,8
Maharashtra,Ambegaon,9
Maharashtra,Ambernath,10
Maharashtra,Amgaon,11
Maharashtra,Amravati,12
Maharashtra,Andheri East,13
Maharashtra,Andheri West,14
Maharashtra,Anushakti Nagar,15
Maharashtra,Arjuni-morgaon,16
Maharashtra,Armori,17
Maharashtra,Arni,18
Maharashtra,Arvi,19
Maharashtra,Ashti,20
Maharashtra,Aurangabad Central,21
Maharashtra,Aurangabad East,22
Maharashtra,Aurangabad West,23
Maharashtra,Ausa,24
Maharashtra,Badnapur,25
Maharashtra,Badnera,26
Maharashtra,Baglan,27
Maharashtra,Balapur,28
Maharashtra,Ballarpur,29
Maharashtra,Baramati,30
Maharashtra,Barshi,31
Maharashtra,Basmath,32
Maharashtra,Beed,33
Maharashtra,Belapur,34
Maharashtra,Bhandara,35
Maharashtra,Bhandup West,36
Maharashtra,Bhiwandi East,37
Maharashtra,Bhiwandi Rural (s.t.),38
Maharashtra,Bhiwandi West,39
Maharashtra,Bhokar,40
Maharashtra,Bhokardan,41
Maharashtra,Bhor,42
Maharashtra,Bhosari,43
Maharashtra,Bhusawal,44
Maharashtra,Boisar,45
Maharashtra,Borivali,46
Maharashtra,Brahmapuri,47
Maharashtra,Buldhana,48
Maharashtra,Byculla,49
Maharashtra,Chalisgaon,50
Maharashtra,Chandgad,51
Maharashtra,Chandivali,52
Maharashtra,Chandrapur,53
Maharashtra,Chandvad,54
Maharashtra,Charkop,55
Maharashtra,Chembur,56
Maharashtra,Chikhli,57
Maharashtra,Chimur,58
Maharashtra,Chinchwad,59
Maharashtra,Chiplun,60
Maharashtra,Chopda,61
Maharashtra,Colaba,62
Maharashtra,Dahanu,63
Maharashtra,Dahisar,64
Maharashtra,Dapoli,65
Maharashtra,Daryapur,66
Maharashtra,Daund,67
Maharashtra,Deglur,68
Maharashtra,Deoli,69
Maharashtra,Devlali,70
Maharashtra,Dhamamgaon Railway,71
Maharashtra,Dharavi,72
Maharashtra,Dhule City,73
Maharashtra,Dhule Rural,74
Maharashtra,Digras,75
Maharashtra,Dindori,76
Maharashtra,Dindoshi,77
Maharashtra,Dombivali,78
Maharashtra,Erandol,79
Maharashtra,Gadchiroli,80
Maharashtra,Gangakhed,81
Maharashtra,Gangapur,82
Maharashtra,Georai,83
Maharashtra,Ghansawangi,84
Maharashtra,Ghatkopar East,85
Maharashtra,Ghatkopar West,86
Maharashtra,Gondiya,87
Maharashtra,Goregaon,88
Maharashtra,Guhagar,89
Maharashtra,Hadapsar,90
Maharashtra,Hadgaon,91
Maharashtra,Hatkanangle,92
Maharashtra,Hinganghat,93
Maharashtra,Hingna,94
Maharashtra,Hingoli,95
Maharashtra,Ichalkaranji,96
Maharashtra,Igatpuri,97
Maharashtra,Indapur,98
Maharashtra,Islampur,99
Maharashtra,Jalgaon (jamod),100
Maharashtra,Jalgaon City,1
Maharashtra,Jalgaon Rural,2
Maharashtra,Jalna,3
Maharashtra,Jamner,4
Maharashtra,Jath,5
Maharashtra,Jintur,6
Maharashtra,Jogeshwari East,7
Maharashtra,Junnar,8
Maharashtra,Kagal,9
Maharashtra,Kaij,10
Maharashtra,Kalamnuri,11
Maharashtra,Kalina,12
Maharashtra,Kalwan,13
Maharashtra,Kalyan East,14
Maharashtra,Kalyan Rural,15
Maharashtra,Kalyan West,16
Maharashtra,Kamthi,17
Maharashtra,Kandivali East,18
Maharashtra,Kankavli,19
Maharashtra,Kannad,20
Maharashtra,Karad North,21
Maharashtra,Karad South,22
Maharashtra,Karanja,23
Maharashtra,Karjat,24
Maharashtra,Karjat Jamkhed,25
Maharashtra,Karmala,26
Maharashtra,Karvir,27
Maharashtra,Kasba Peth,28
Maharashtra,Katol,29
Maharashtra,Khadakwasala,30
Maharashtra,Khamgaon,31
Maharashtra,Khanapur,32
Maharashtra,Khed Alandi,33
Maharashtra,Kinwat,34
Maharashtra,Kolhapur North,35
Maharashtra,Kolhapur South,36
Maharashtra,Kopargaon,37
Maharashtra,Kopri-pachpakhadi,38
Maharashtra,Koregaon,39
Maharashtra,Kothrud,40
Maharashtra,Kudal,41
Maharashtra,Kurla,42
Maharashtra,Latur City,43
Maharashtra,Latur Rural,44
Maharashtra,Loha,45
Maharashtra,Madha,46
Maharashtra,Magathane,47
Maharashtra,Mahad,48
Maharashtra,Mahim,49
Maharashtra,Majalgaon,50
Maharashtra,Malabar Hill,51
Maharashtra,Malad West,52
Maharashtra,Malegaon Central,53
Maharashtra,Malegaon Outer,54
Maharashtra,Malkapur,55
Maharashtra,Malshiras,56
Maharashtra,Man,57
Maharashtra,Mankhurd Shivaji Nagar,58
Maharashtra,Maval,59
Maharashtra,Mehkar,60
Maharashtra,Melghat,61
Maharashtra,Mira Bhayandar,62
Maharashtra,Miraj,63
Maharashtra,Mohol,64
Maharashtra,Morshi,65
Maharashtra,Mukhed,66
Maharashtra,Muktainagar,67
Maharashtra,Mulund,68
Maharashtra,Mumbadevi,69
Maharashtra,Mumbra-kalwa,70
Maharashtra,Murbad,71
Maharashtra,Murtizapur,72
Maharashtra,Nagpur Central,73
Maharashtra,Nagpur East,74
Maharashtra,Nagpur North,75
Maharashtra,Nagpur South,76
Maharashtra,Nagpur South West,77
Maharashtra,Nagpur West,78
Maharashtra,Naigaon,79
Maharashtra,Nalasopara,80
Maharashtra,Nanded North,81
Maharashtra,Nanded South,82
Maharashtra,Nandgaon,83
Maharashtra,Nandurbar,84
Maharashtra,Nashik Central,85
Maharashtra,Nashik East,86
Maharashtra,Nashik West,87
Maharashtra,Nawapur,88
Maharashtra,Nevasa,89
Maharashtra,Nilanga,90
Maharashtra,Niphad,91
Maharashtra,Osmanabad,92
Maharashtra,Ovala - Majiwada,93
Maharashtra,Pachora,94
Maharashtra,Paithan,95
Maharashtra,Palghar,96
Maharashtra,Palus-kadegaon,97
Maharashtra,Pandharpur,98
Maharashtra,Panvel,99
Maharashtra,Paranda,100
Maharashtra,Parbhani,1
Maharashtra,Parli,2
Maharashtra,Parner,3
Maharashtra,Partur,4
Maharashtra,Parvati,5
Maharashtra,Patan,6
Maharashtra,Pathri,7
Maharashtra,Pen,8
Maharashtra,Phaltan,9
Maharashtra,Phulambri,10
Maharashtra,Pimpri,11
Maharashtra,Pune Cantonment,12
Maharashtra,Purandar,13
Maharashtra,Pusad,14
Maharashtra,Radhanagari,15
Maharashtra,Rahuri,16
Maharashtra,Rajapur,17
Maharashtra,Rajura,18
Maharashtra,Ralegaon,19
Maharashtra,Ramtek,20
Maharashtra,Ratnagiri,21
Maharashtra,Raver,22
Maharashtra,Risod,23
Maharashtra,Sakoli,24
Maharashtra,Sakri,25
Maharashtra,Sangamner,26
Maharashtra,Sangli,27
Maharashtra,Sangola,28
Maharashtra,Satara,29
Maharashtra,Savner,30
Maharashtra,Sawantwadi,31
Maharashtra,Shahada,32
Maharashtra,Shahapur,33
Maharashtra,Shahuwadi,34
Maharashtra,Shevgaon,35
Maharashtra,Shirala,36
Maharashtra,Shirdi,37
Maharashtra,Shirol,38
Maharashtra,Shirpur,39
Maharashtra,Shirur,40
Maharashtra,Shivadi,41
Maharashtra,Shivajinagar,42
Maharashtra,Shrigonda,43
Maharashtra,Shrirampur,44
Maharashtra,Shrivardhan,45
Maharashtra,Sillod,46
Maharashtra,Sindkhed Raja,47
Maharashtra,Sindkheda,48
Maharashtra,Sinnar,49
Maharashtra,Sion Koliwada,50
Maharashtra,Solapur City Central,51
Maharashtra,Solapur City North,52
Maharashtra,Solapur South,53
Maharashtra,Tasgaon-kavathe Mahankal,54
Maharashtra,Teosa,55
Maharashtra,Thane,56
Maharashtra,Tirora,57
Maharashtra,Tuljapur,58
Maharashtra,Tumsar,59
Maharashtra,Udgir,60
Maharashtra,Ulhasnagar,61
Maharashtra,Umarga,62
Maharashtra,Umarkhed,63
Maharashtra,Umred,64
Maharashtra,Uran,65
Maharashtra,Vadgaon Sheri,66
Maharashtra,Vaijapur,67
Maharashtra,Vandre East,68
Maharashtra,Vandre West,69
Maharashtra,Vasai,70
Maharashtra,Versova,71
Maharashtra,Vikhroli,72
Maharashtra,Vikramgad,73
Maharashtra,Vile Parle,74
Maharashtra,Wadala,75
Maharashtra,Wai,76
Maharashtra,Wani,77
Maharashtra,Wardha,78
Maharashtra,Warora,79
Maharashtra,Washim,80
Maharashtra,Worli,81
Maharashtra,Yavatmal,82
Maharashtra,Yevla,83
Manipur,Andro,84
Manipur,Bishnupur,85
Manipur,Chandel (st),86
Manipur,Chingai (st),87
Manipur,Churachandpur (st),88
Manipur,Heingang,89
Manipur,Heirok,90
Manipur,Henglep (st),91
Manipur,Hiyanglam,92
Manipur,Jiribam,93
Manipur,Kakching,94
Manipur,Kangpokpi (gen),95
Manipur,Karong (st),96
Manipur,Keirao,97
Manipur,Keishamthong,98
Manipur,Khangabok,99
Manipur,Khundrakpam,100
Manipur,Khurai,1
Manipur,Konthoujam,2
Manipur,Kshetrigao,3
Manipur,Kumbi,4
Manipur,Lamlai,5
Manipur,Lamsang,6
Manipur,Langthabal,7
Manipur,Lilong,8
Manipur,Mao (st),9
Manipur,Mayang Imphal,10
Manipur,Moirang,11
Manipur,Nambol,12
Manipur,Naoriya Pakhanglakpa,13
Manipur,Nungba (st),14
Manipur,Oinam,15
Manipur,Patsoi,16
Manipur,Phungyar (st),17
Manipur,Sagolband,18
Manipur,Saikot (st),19
Manipur,Saikul (st),20
Manipur,Saitu (st),21
Manipur,Sekmai,22
Manipur,Singhat (st),23
Manipur,Singjamei,24
Manipur,Sugnu,25
Manipur,Tadubi (st),26
Manipur,Tamei (st),27
Manipur,Tamenglong (st),28
Manipur,Tengnoupal (st),29
Manipur,Thanga,30
Manipur,Thangmeiband,31
Manipur,Thanlon (st),32
Manipur,Thongju,33
Manipur,Thoubal,34
Manipur,Tipaimukh (st),35
Manipur,Ukhrul (st),36
Manipur,Uripok,37
Manipur,Wabgai,38
Manipur,Wangjing Tentha,39
Manipur,Wangkhei,40
Manipur,Wangkhem,41
Manipur,Wangoi,42
Manipur,Yaiskul,43
Meghalaya,Amlarem,44
Meghalaya,Ampati,45
Meghalaya,Baghmara,46
Meghalaya,Bajengdoba,47
Meghalaya,Chokpot,48
Meghalaya,Dadenggre,49
Meghalaya,Dalu,50
Meghalaya,East Shillong,51
Meghalaya,Gambegre,52
Meghalaya,Jirang,53
Meghalaya,Jowai,54
Meghalaya,Kharkutta,55
Meghalaya,Khliehriat,56
Meghalaya,Mahendraganj,57
Meghalaya,Mairang,58
Meghalaya,Mawhati,59
Meghalaya,Mawkynrew,60
Meghalaya,Mawkyrwat,61
Meghalaya,Mawlai,62
Meghalaya,Mawphlang,63
Meghalaya,Mawryngkneng,64
Meghalaya,Mawshynrut,65
Meghalaya,Mawsynram,66
Meghalaya,Mawthadraishan,67
Meghalaya,Mendipathar,68
Meghalaya,Mowkaiaw,69
Meghalaya,Mylliem,70
Meghalaya,Nartiang,71
Meghalaya,Nongkrem,72
Meghalaya,Nongpoh,73
Meghalaya,Nongstoin,74
Meghalaya,Nongthymmai,75
Meghalaya,North Shillong,76
Meghalaya,North Tura,77
Meghalaya,Phulbari,78
Meghalaya,Pynthorumkhrah,79
Meghalaya,Pynursla,80
Meghalaya,Rajabala,81
Meghalaya,Raksamgre,82
Meghalaya,Raliang,83
Meghalaya,Rambrai Jyrngam,84
Meghalaya,Rangsakona,85
Meghalaya,Ranikor,86
Meghalaya,Resubelpara,87
Meghalaya,Rongara Siju,88
Meghalaya,Rongjeng,89
Meghalaya,Salmanpara,90
Meghalaya,Selsella,91
Meghalaya,Shella,92
Meghalaya,Sohiong,93
Meghalaya,Sohra,94
Meghalaya,Songsak,95
Meghalaya,South Shillong,96
Meghalaya,South Tura,97
Meghalaya,Sutnga Saipung,98
Meghalaya,Tikrikila,99
Meghalaya,Umroi,100
Meghalaya,Umsning,1
Meghalaya,West Shillong,2
Meghalaya,William Nagar,3
Mizoram,Aizawl East - I,4
Mizoram,Aizawl East Ii,5
Mizoram,Aizawl North - I,6
Mizoram,Aizawl North - Ii,7
Mizoram,Aizawl North-iii,8
Mizoram,Aizawl South I,9
Mizoram,Aizawl South Ii,10
Mizoram,Aizawl South-iii,11
Mizoram,Aizawl West I,12
Mizoram,Aizawl West Ii,13
Mizoram,Aizawl West Iii,14
Mizoram,Chalfilh,15
Mizoram,Champhai North,16
Mizoram,Champhai South,17
Mizoram,Dampa,18
Mizoram,East Tuipui,19
Mizoram,Hachhek,20
Mizoram,Hrangturzo,21
Mizoram,Kolasib,22
Mizoram,Lawngtlai East,23
Mizoram,Lawngtlai West,24
Mizoram,Lengteng,25
Mizoram,Lunglei East,26
Mizoram,Lunglei North,27
Mizoram,Lunglei South,28
Mizoram,Lunglei West,29
Mizoram,Mamit,30
Mizoram,Palak,31
Mizoram,Saiha,32
Mizoram,Serchhip,33
Mizoram,Serlui,34
Mizoram,South Tuipui,35
Mizoram,Tawi,36
Mizoram,Thorang,37
Mizoram,Tuichang,38
Mizoram,Tuichawng,39
Mizoram,Tuikum,40
Mizoram,Tuirial,41
Mizoram,Tuivawl,42
Mizoram,West Tuipui,43
Nagaland,Aboi,44
Nagaland,Aghunato,45
Nagaland,Akuluto,46
Nagaland,Alongtaki,47
Nagaland,Angetyongpang,48
Nagaland,Aonglenden,49
Nagaland,Arkakong,50
Nagaland,Atoizu,51
Nagaland,Bhandari,52
Nagaland,Chazouba,53
Nagaland,Chizami,54
Nagaland,Dimapur-i,55
Nagaland,Dimapur-ii,56
Nagaland,Dimapur-iii,57
Nagaland,Ghaspani-i,58
Nagaland,Ghaspani-ii,59
Nagaland,Impur,60
Nagaland,Jangpetkong,61
Nagaland,Kohima Town,62
Nagaland,Koridang,63
Nagaland,Longkhim Chare,64
Nagaland,Longleng,65
Nagaland,Meluri,66
Nagaland,Moka,67
Nagaland,Mokokchung Town,68
Nagaland,Mon Town,69
Nagaland,Mongoya,70
Nagaland,Noklak,71
Nagaland,Noksen,72
Nagaland,Northern Angami-i,73
Nagaland,Northern Angami-ii,74
Nagaland,Peren,75
Nagaland,Pfutsero,76
Nagaland,Phek,77
Nagaland,Phomching,78
Nagaland,Pughoboto,79
Nagaland,Pungro Kiphire,80
Nagaland,Sanis,81
Nagaland,Satakha,82
Nagaland,Seyochung Sitimi,83
Nagaland,Shamator Chessore,84
Nagaland,Southern Angami-i,85
Nagaland,Southern Angami-ii,86
Nagaland,Suruhoto,87
Nagaland,Tamlu,88
Nagaland,Tapi,89
Nagaland,Tehok,90
Nagaland,Tenning,91
Nagaland,Thonoknyu,92
Nagaland,Tizit,93
Nagaland,Tobu,94
Nagaland,Tseminyu,95
Nagaland,Tuensang Sadar-i,96
Nagaland,Tuensang Sadar-ii,97
Nagaland,Tuli,98
Nagaland,Tyui,99
Nagaland,Wakching,100
Nagaland,Western Angami,1
Nagaland,Wokha,2
Nagaland,Zunheboto,3
Orissa,Anandapur,4
Orissa,Angul,5
Orissa,Aska,6
Orissa,Athagarh,7
Orissa,Athamallik,8
Orissa,Attabira,9
Orissa,Aul,10
Orissa,Badasahi,11
Orissa,Balasore,12
Orissa,Baliguda,13
Orissa,Balikuda-ersama,14
Orissa,Bangriposi,15
Orissa,Banki,16
Orissa,Barabati-cuttack,17
Orissa,Baramba,18
Orissa,Barchana,19
Orissa,Bargarh,20
Orissa,Bari,21
Orissa,Baripada,22
Orissa,Basta,23
Orissa,Basudevpur,24
Orissa,Begunia,25
Orissa,Berhampur,26
Orissa,Bhadrak,27
Orissa,Bhandaripokhari,28
Orissa,Bhanjanagar,29
Orissa,Bhatli,30
Orissa,Bhawanipatna,31
Orissa,Bhograi,32
Orissa,Bhubaneswar Central (madhya),33
Orissa,Bhubaneswar North (uttar),34
Orissa,Bijepur,35
Orissa,Binjharpur,36
Orissa,Biramitrapur,37
Orissa,Birmaharajpur,38
Orissa,Bissam Cuttack,39
Orissa,Bolangir,40
Orissa,Bonai,41
Orissa,Boudh,42
Orissa,Brajarajnagar,43
Orissa,Bramhagiri,44
Orissa,Champua,45
Orissa,Chandabali,46
Orissa,Chhatrapur,47
Orissa,Chhendipada,48
Orissa,Chikiti,49
Orissa,Chilika,50
Orissa,Chitrakonda,51
Orissa,Choudwar-cuttack,52
Orissa,Cuttack Sadar,53
Orissa,Dabugam,54
Orissa,Daspalla,55
Orissa,Deogarh,56
Orissa,Dhamnagar,57
Orissa,Dharmasala,58
Orissa,Dharmgarh,59
Orissa,Dhenkanal,60
Orissa,Digapahandi,61
Orissa,Ekamra-bhubaneswar,62
Orissa,G. Udayagiri,63
Orissa,Ghasipura,64
Orissa,Gopalpur,65
Orissa,Gunupur,66
Orissa,Hindol,67
Orissa,Hinjili,68
Orissa,Jagatsinghpur,69
Orissa,Jajpur,70
Orissa,Jaleswar,71
Orissa,Jashipur,72
Orissa,Jatani,73
Orissa,Jayadev,74
Orissa,Jeypore,75
Orissa,Jharigam,76
Orissa,Jharsuguda,77
Orissa,Junagarh,78
Orissa,Kabisuryangar,79
Orissa,Kakatpur,80
Orissa,Kamakhyanagar,81
Orissa,Kantabanji,82
Orissa,Kantamal,83
Orissa,Kendrapara,84
Orissa,Keonjhar,85
Orissa,Khalikote,86
Orissa,Khandapada,87
Orissa,Khariar,88
Orissa,Khurda,89
Orissa,Koraput,90
Orissa,Korei,91
Orissa,Kotpad,92
Orissa,Kuchinda,93
Orissa,Lanjigarh,94
Orissa,Laxmipur,95
Orissa,Loisingha,96
Orissa,Mahakalapada,97
Orissa,Mahanga,98
Orissa,Malkangiri,99
Orissa,Mohana,100
Orissa,Morada,1
Orissa,Nabarangpur,2
Orissa,Narla,3
Orissa,Nayagarh,4
Orissa,Niali,5
Orissa,Nilgiri,6
Orissa,Nimapara,7
Orissa,Nuapada,8
Orissa,Padampur,9
Orissa,Pallahara,10
Orissa,Paradeep,11
Orissa,Paralakhemundi,12
Orissa,Parjanga,13
Orissa,Patkura,14
Orissa,Patna,15
Orissa,Patnagarh,16
Orissa,Phulbani,17
Orissa,Pipili,18
Orissa,Polasara,19
Orissa,Pottangi,20
Orissa,Puri,21
Orissa,Raghunathpali,22
Orissa,Rairakhol,23
Orissa,Rairangpur,24
Orissa,Rajanagar,25
Orissa,Rajgangapur,26
Orissa,Ranpur,27
Orissa,Rayagada,28
Orissa,Remuna,29
Orissa,Rengali,30
Orissa,Rourkela,31
Orissa,Salipur,32
Orissa,Sambalpur,33
Orissa,Sanakhemundi,34
Orissa,Saraskana,35
Orissa,Satyabadi,36
Orissa,Simulia,37
Orissa,Sonepur,38
Orissa,Soro,39
Orissa,Sukinda,40
Orissa,Sundargarh,41
Orissa,Surada,42
Orissa,Talcher,43
Orissa,Talsara,44
Orissa,Telkoi,45
Orissa,Tirtol,46
Orissa,Titlagarh,47
Orissa,Udala,48
Orissa,Umarkote,49
Puducherry,Ariankuppam,50
Puducherry,Bahour,51
Puducherry,Embalam,52
Puducherry,Indira Nagar,53
Puducherry,Kadirgamam,54
Puducherry,Kamaraj Nagar,55
Puducherry,Karaikal North,56
Puducherry,Karaikal South,57
Puducherry,Lawspet,58
Puducherry,Mahe,59
Puducherry,Manavely,60
Puducherry,Mangalam,61
Puducherry,Mannadipet,62
Puducherry,Mudaliarpet,63
Puducherry,Nedungadu,64
Puducherry,Nellithope,65
Puducherry,Neravy T.r. Pattinam,66
Puducherry,Nettapakkam,67
Puducherry,Orleampeth,68
Puducherry,Oupalam,69
Puducherry,Oussudu,70
Puducherry,Ozhukarai,71
Puducherry,Raj Bhavan,72
Puducherry,Thattanchavady,73
Puducherry,Thirubhuvanai,74
Puducherry,Thirunallar,75
Puducherry,Villianur,76
Puducherry,Yanam,77
Punjab,Abohar,78
Punjab,Adampur,79
Punjab,Ajnala,80
Punjab,Amargarh,81
Punjab,Amloh,82
Punjab,Amritsar Central,83
Punjab,Amritsar East,84
Punjab,Amritsar North,85
Punjab,Amritsar South,86
Punjab,Amritsar West,87
Punjab,Anandpur Sahib,88
Punjab,Atam Nagar,89
Punjab,Attari,90
Punjab,Baba Bakala,91
Punjab,Balachaur,92
Punjab,Balluana,93
Punjab,Banga(sc),94
Punjab,Barnala,95
Punjab,Bassi Pathana,96
Punjab,Batala,97
Punjab,Bathinda Rural,98
Punjab,Bathinda Urban,99
Punjab,Bhadaur,100
Punjab,Bhagha Purana,1
Punjab,Bhoa,2
Punjab,Bholath,3
Punjab,Bhucho Mandi,4
Punjab,Budhlada,5
Punjab,Chabbewal,6
Punjab,Chamkaur Sahib,7
Punjab,Dakha,8
Punjab,Dasuya,9
Punjab,Dera Baba Nanak,10
Punjab,Dera Bassi,11
Punjab,Dharamkot,12
Punjab,Dhuri,13
Punjab,Dina Nagar,14
Punjab,Dirba,15
Punjab,Faridkot,16
Punjab,Fatehgarh Churian,17
Punjab,Fatehgarh Sahib,18
Punjab,Fazilka,19
Punjab,Firozpur City,20
Punjab,Firozpur Rural,21
Punjab,Garhshankar,22
Punjab,Ghanaur,23
Punjab,Gidderbaha,24
Punjab,Gill,25
Punjab,Gurdaspur,26
Punjab,Guru Har Sahai,27
Punjab,Hoshiarpur,28
Punjab,Jagraon,29
Punjab,Jaitu,30
Punjab,Jalalabad,31
Punjab,Jalandhar Cantt.,32
Punjab,Jalandhar Central,33
Punjab,Jalandhar North,34
Punjab,Jalandhar West,35
Punjab,Jandiala,36
Punjab,Kapurthala,37
Punjab,Kartarpur,38
Punjab,Khadoor Sahib,39
Punjab,Khanna,40
Punjab,Kharar,41
Punjab,Khem Karan,42
Punjab,Kotkapura,43
Punjab,Lambi,44
Punjab,Lehra,45
Punjab,Ludhiana Central,46
Punjab,Ludhiana East,47
Punjab,Ludhiana North,48
Punjab,Ludhiana South,49
Punjab,Ludhiana West,50
Punjab,Majitha,51
Punjab,Malerkotla,52
Punjab,Malout,53
Punjab,Mansa,54
Punjab,Maur,55
Punjab,Mehal Kalan,56
Punjab,Moga,57
Punjab,Mukerian,58
Punjab,Muktsar,59
Punjab,Nabha,60
Punjab,Nakodar,61
Punjab,Nawanshahr,62
Punjab,Nihal Singh Wala,63
Punjab,Pathankot,64
Punjab,Patiala,65
Punjab,Patiala Rural,66
Punjab,Patti,67
Punjab,Payal,68
Punjab,Phagwara,69
Punjab,Phillaur,70
Punjab,Qadian,71
Punjab,Raikot,72
Punjab,Raja Sansi,73
Punjab,Rajpura,74
Punjab,Rampura Phul,75
Punjab,Rupnagar,76
Punjab,S.a.s.nagar,77
Punjab,Sahnewal,78
Punjab,Samana,79
Punjab,Samrala,80
Punjab,Sangrur,81
Punjab,Sanour,82
Punjab,Sardulgarh,83
Punjab,Shahkot,84
Punjab,Sham Chaurasi,85
Punjab,Shutrana,86
Punjab,Sri Hargobindpur,87
Punjab,Sujanpur,88
Punjab,Sultanpur Lodhi,89
Punjab,Sunam,90
Punjab,Talwandi Sabo,91
Punjab,Tarn Taran,92
Punjab,Urmar,93
Punjab,Zira,94
Rajasthan,Adarsh Nagar,95
Rajasthan,Ahore,96
Rajasthan,Ajmer North,97
Rajasthan,Ajmer South,98
Rajasthan,Alwar Rural,99
Rajasthan,Alwar Urban,100
Rajasthan,Amber,1
Rajasthan,Anta,2
Rajasthan,Anupgarh,3
Rajasthan,Asind,4
Rajasthan,Aspur,5
Rajasthan,Bagidora,6
Rajasthan,Bagru,7
Rajasthan,Bali,8
Rajasthan,Bamanwas,9
Rajasthan,Bandikui,10
Rajasthan,Bansur,11
Rajasthan,Banswara,12
Rajasthan,Baran-atru,13
Rajasthan,Bari,14
Rajasthan,Bari Sadri,15
Rajasthan,Barmer,16
Rajasthan,Baseri,17
Rajasthan,Bassi,18
Rajasthan,Bayana,19
Rajasthan,Baytoo,20
Rajasthan,Beawar,21
Rajasthan,Begun,22
Rajasthan,Behror,23
Rajasthan,Bhadra,24
Rajasthan,Bharatpur,25
Rajasthan,Bhilwara,26
Rajasthan,Bhim,27
Rajasthan,Bhinmal,28
Rajasthan,Bhopalgarh,29
Rajasthan,Bikaner East,30
Rajasthan,Bikaner West,31
Rajasthan,Bilara,32
Rajasthan,Bundi,33
Rajasthan,Chaksu,34
Rajasthan,Chhabra,35
Rajasthan,Chittorgarh,36
Rajasthan,Chohtan,37
Rajasthan,Chomu,38
Rajasthan,Chorasi,39
Rajasthan,Churu,40
Rajasthan,Civil Lines,41
Rajasthan,Dag,42
Rajasthan,Danta Ramgarh,43
Rajasthan,Dausa,44
Rajasthan,Deedwana,45
Rajasthan,Deeg-kumher,46
Rajasthan,Degana,47
Rajasthan,Deoli - Uniara,48
Rajasthan,Dhariawad,49
Rajasthan,Dhod,50
Rajasthan,Dholpur,51
Rajasthan,Dudu,52
Rajasthan,Dungargarh,53
Rajasthan,Dungarpur,54
Rajasthan,Fatehpur,55
Rajasthan,Ganganagar,56
Rajasthan,Gangapur,57
Rajasthan,Garhi,58
Rajasthan,Ghatol,59
Rajasthan,Gogunda,60
Rajasthan,Gudhamalani,61
Rajasthan,Hanumangarh,62
Rajasthan,Hawa Mahal,63
Rajasthan,Hindaun,64
Rajasthan,Hindoli,65
Rajasthan,Jahazpur,66
Rajasthan,Jaisalmer,67
Rajasthan,Jaitaran,68
Rajasthan,Jalore,69
Rajasthan,Jamwa Ramgarh,70
Rajasthan,Jayal,71
Rajasthan,Jhadol,72
Rajasthan,Jhalrapatan,73
Rajasthan,Jhotwara,74
Rajasthan,Jhunjhunu,75
Rajasthan,Jodhpur,76
Rajasthan,Kaman,77
Rajasthan,Kapasan,78
Rajasthan,Karanpur,79
Rajasthan,Karauli,80
Rajasthan,Kathumar,81
Rajasthan,Kekri,82
Rajasthan,Keshoraipatan,83
Rajasthan,Khajuwala,84
Rajasthan,Khandar,85
Rajasthan,Khandela,86
Rajasthan,Khanpur,87
Rajasthan,Kherwara,88
Rajasthan,Khetri,89
Rajasthan,Khinwsar,90
Rajasthan,Kishan Pole,91
Rajasthan,Kishanganj,92
Rajasthan,Kishangarh,93
Rajasthan,Kishangarh Bas,94
Rajasthan,Kolayat,95
Rajasthan,Kota North,96
Rajasthan,Kota South,97
Rajasthan,Kotputli,98
Rajasthan,Kumbhalgarh,99
Rajasthan,Kushalgarh,100
Rajasthan,Lachhmangarh,1
Rajasthan,Ladnun,2
Rajasthan,Ladpura,3
Rajasthan,Lalsot,4
Rajasthan,Lohawat,5
Rajasthan,Luni,6
Rajasthan,Lunkaransar,7
Rajasthan,Mahuwa,8
Rajasthan,Makrana,9
Rajasthan,Malpura,10
Rajasthan,Malviya Nagar,11
Rajasthan,Mandal,12
Rajasthan,Mandalgarh,13
Rajasthan,Mandawa,14
Rajasthan,Manohar Thana,15
Rajasthan,Marwar Junction,16
Rajasthan,Masuda,17
Rajasthan,Mavli,18
Rajasthan,Merta,19
Rajasthan,Mundawar,20
Rajasthan,Nadbai,21
Rajasthan,Nagar,22
Rajasthan,Nagaur,23
Rajasthan,Nasirabad,24
Rajasthan,Nathdwara,25
Rajasthan,Nawalgarh,26
Rajasthan,Nawan,27
Rajasthan,Neem Ka Thana,28
Rajasthan,Nimbahera,29
Rajasthan,Niwai,30
Rajasthan,Nohar,31
Rajasthan,Nokha,32
Rajasthan,Osian,33
Rajasthan,Pachpadra,34
Rajasthan,Pali,35
Rajasthan,Parbatsar,36
Rajasthan,Phalodi,37
Rajasthan,Phulera,38
Rajasthan,Pilani,39
Rajasthan,Pilibanga,40
Rajasthan,Pindwara Abu,41
Rajasthan,Pipalda,42
Rajasthan,Pokaran,43
Rajasthan,Pratapgarh,44
Rajasthan,Pushkar,45
Rajasthan,Raisingh Nagar,46
Rajasthan,Rajakhera,47
Rajasthan,Rajgarh Laxmangarh,48
Rajasthan,Rajsamand,49
Rajasthan,Ramganj Mandi,50
Rajasthan,Ramgarh,51
Rajasthan,Raniwara,52
Rajasthan,Ratangarh,53
Rajasthan,Reodar,54
Rajasthan,Sadulpur,55
Rajasthan,Sadulshahar,56
Rajasthan,Sagwara,57
Rajasthan,Sahara,58
Rajasthan,Salumber,59
Rajasthan,Sanchore,60
Rajasthan,Sanganer,61
Rajasthan,Sangaria,62
Rajasthan,Sangod,63
Rajasthan,Sapotra,64
Rajasthan,Sardarpura,65
Rajasthan,Sardarshahar,66
Rajasthan,Sawai Madhopur,67
Rajasthan,Shahpura,68
Rajasthan,Sheo,69
Rajasthan,Shergarh,70
Rajasthan,Sikar,71
Rajasthan,Sikrai,72
Rajasthan,Sirohi,73
Rajasthan,Siwana,74
Rajasthan,Sojat,75
Rajasthan,Soorsagar,76
Rajasthan,Srimadhopur,77
Rajasthan,Sujangarh,78
Rajasthan,Sumerpur,79
Rajasthan,Surajgarh,80
Rajasthan,Suratgarh,81
Rajasthan,Taranagar,82
Rajasthan,Thanagazi,83
Rajasthan,Tijara,84
Rajasthan,Todabhim,85
Rajasthan,Tonk,86
Rajasthan,Udaipur,87
Rajasthan,Udaipur Rural,88
Rajasthan,Udaipurwati,89
Rajasthan,Vallabh Nagar,90
Rajasthan,Vidhyadhar Nagar,91
Rajasthan,Viratnagar,92
Rajasthan,Weir,93
Sikkim,Arithang,94
Sikkim,Barfung,95
Sikkim,Chujachen,96
Sikkim,Daramdin,97
Sikkim,Djongu,98
Sikkim,Gangtok,99
Sikkim,Gnathang-machong,100
Sikkim,Gyalshing-barnyak,1
Sikkim,Kabi Lungchuk,2
Sikkim,Khamdong-singtam,3
Sikkim,Lachen Mangan,4
Sikkim,Maneybung-dentam,5
Sikkim,Martam-rumtek,6
Sikkim,Melli,7
Sikkim,Namcheybung,8
Sikkim,Namchi-singhithang,9
Sikkim,Namthang-rateypani,10
Sikkim,Poklok-kamrang,11
Sikkim,Rangang-yangang,12
Sikkim,Rhenock,13
Sikkim,Rinchenpong,14
Sikkim,Salghari-zoom,15
Sikkim,Sangha,16
Sikkim,Shyari,17
Sikkim,Soreong-chakung,18
Sikkim,Temi-namphing,19
Sikkim,Tumen-lingi,20
Sikkim,Upper Burtuk,21
Sikkim,Upper Tadong,22
Sikkim,West Pendam,23
Sikkim,Yangthang,24
Sikkim,Yoksam-tashiding,25
Tamil Nadu,Alandur,26
Tamil Nadu,Alangudi,27
Tamil Nadu,Alangulam,28
Tamil Nadu,Ambasamudram,29
Tamil Nadu,Ambattur,30
Tamil Nadu,Ambur,31
Tamil Nadu,Anaikattu,32
Tamil Nadu,Andipatti,33
Tamil Nadu,Anna Nagar,34
Tamil Nadu,Anthiyur,35
Tamil Nadu,Arakkonam,36
Tamil Nadu,Arani,37
Tamil Nadu,Aranthangi,38
Tamil Nadu,Aravakurichi,39
Tamil Nadu,Arcot,40
Tamil Nadu,Ariyalur,41
Tamil Nadu,Aruppukkottai,42
Tamil Nadu,Athoor,43
Tamil Nadu,Attur,44
Tamil Nadu,Avadi,45
Tamil Nadu,Avanashi (sc),46
Tamil Nadu,Bargur,47
Tamil Nadu,Bhavani,48
Tamil Nadu,Bhavanisagar,49
Tamil Nadu,Bhuvanagiri,50
Tamil Nadu,Bodinayakanur,51
Tamil Nadu,Chengalpattu,52
Tamil Nadu,Chengam,53
Tamil Nadu,Chepauk-thiruvallikeni,54
Tamil Nadu,Cheyyar,55
Tamil Nadu,Cheyyur,56
Tamil Nadu,Chidambaram,57
Tamil Nadu,Coimbatore (north),58
Tamil Nadu,Coimbatore (south),59
Tamil Nadu,Colachel,60
Tamil Nadu,Coonoor,61
Tamil Nadu,Cuddalore,62
Tamil Nadu,Cumbum,63
Tamil Nadu,Dharapuram (sc),64
Tamil Nadu,Dharmapuri,65
Tamil Nadu,Dindigul,66
Tamil Nadu,Dr.radhakrishnan Nagar,67
Tamil Nadu,Edappadi,68
Tamil Nadu,Egmore,69
Tamil Nadu,Erode (east),70
Tamil Nadu,Erode (west),71
Tamil Nadu,Gandharvakottai,72
Tamil Nadu,Gangavalli,73
Tamil Nadu,Gingee,74
Tamil Nadu,Gobichettipalayam,75
Tamil Nadu,Gudalur,76
Tamil Nadu,Gudiyattam,77
Tamil Nadu,Gummidipoondi,78
Tamil Nadu,Harbour,79
Tamil Nadu,Harur,80
Tamil Nadu,Hosur,81
Tamil Nadu,Jayankondam,82
Tamil Nadu,Jolarpet,83
Tamil Nadu,Kadayanallur,84
Tamil Nadu,Kalasapakkam,85
Tamil Nadu,Kallakurichi,86
Tamil Nadu,Kancheepuram,87
Tamil Nadu,Kangayam,88
Tamil Nadu,Kanniyakumari,89
Tamil Nadu,Karaikudi,90
Tamil Nadu,Karur,91
Tamil Nadu,Katpadi,92
Tamil Nadu,Kattumannarkoil(sc),93
Tamil Nadu,Kavundampalayam,94
Tamil Nadu,Killiyoor,95
Tamil Nadu,Kilpennathur,96
Tamil Nadu,Kilvaithinankuppam,97
Tamil Nadu,Kilvelur,98
Tamil Nadu,Kinathukadavu,99
Tamil Nadu,Kolathur,100
Tamil Nadu,Kovilpatti,1
Tamil Nadu,Krishnagiri,2
Tamil Nadu,Krishnarayapuram,3
Tamil Nadu,Kulithalai,4
Tamil Nadu,Kumarapalayam,5
Tamil Nadu,Kumbakonam,6
Tamil Nadu,Kunnam,7
Tamil Nadu,Kurinjipadi,8
Tamil Nadu,Lalgudi,9
Tamil Nadu,Madathukulam,10
Tamil Nadu,Madavaram,11
Tamil Nadu,Madurai Central,12
Tamil Nadu,Madurai East,13
Tamil Nadu,Madurai North,14
Tamil Nadu,Madurai South,15
Tamil Nadu,Madurai West,16
Tamil Nadu,Madurantakam,17
Tamil Nadu,Maduravoyal,18
Tamil Nadu,Mailam,19
Tamil Nadu,Manachanallur,20
Tamil Nadu,Manamadurai,21
Tamil Nadu,Manapparai,22
Tamil Nadu,Mannargudi,23
Tamil Nadu,Mayiladuthurai,24
Tamil Nadu,Melur,25
Tamil Nadu,Mettuppalayam,26
Tamil Nadu,Mettur,27
Tamil Nadu,Modakkurichi,28
Tamil Nadu,Mudhukulathur,29
Tamil Nadu,Musiri,30
Tamil Nadu,Mylapore,31
Tamil Nadu,Nagapattinam,32
Tamil Nadu,Nagercoil,33
Tamil Nadu,Namakkal,34
Tamil Nadu,Nanguneri,35
Tamil Nadu,Nannilam,36
Tamil Nadu,Natham,37
Tamil Nadu,Neyveli,38
Tamil Nadu,Nilakkottai,39
Tamil Nadu,Oddanchatram,40
Tamil Nadu,Omalur,41
Tamil Nadu,Orathanadu,42
Tamil Nadu,Ottapidaram,43
Tamil Nadu,Padmanabhapuram,44
Tamil Nadu,Palacode,45
Tamil Nadu,Palani,46
Tamil Nadu,Palayamkottai,47
Tamil Nadu,Palladam,48
Tamil Nadu,Pallavaram,49
Tamil Nadu,Panruti,50
Tamil Nadu,Papanasam,51
Tamil Nadu,Pappireddippatti,52
Tamil Nadu,Paramakudi,53
Tamil Nadu,Paramathi-velur,54
Tamil Nadu,Pattukkottai,55
Tamil Nadu,Pennagaram,56
Tamil Nadu,Perambalur,57
Tamil Nadu,Perambur,58
Tamil Nadu,Peravurani,59
Tamil Nadu,Periyakulam,60
Tamil Nadu,Perundurai,61
Tamil Nadu,Pollachi,62
Tamil Nadu,Polur,63
Tamil Nadu,Ponneri,64
Tamil Nadu,Poompuhar,65
Tamil Nadu,Poonamallee,66
Tamil Nadu,Pudukkottai,67
Tamil Nadu,Radhapuram,68
Tamil Nadu,Rajapalayam,69
Tamil Nadu,Ramanathapuram,70
Tamil Nadu,Ranipet,71
Tamil Nadu,Rasipuram,72
Tamil Nadu,Rishivandiyam,73
Tamil Nadu,Royapuram,74
Tamil Nadu,Saidapet,75
Tamil Nadu,Salem (north),76
Tamil Nadu,Salem (south),77
Tamil Nadu,Salem (west),78
Tamil Nadu,Sankarankovil,79
Tamil Nadu,Sankarapuram,80
Tamil Nadu,Sankari,81
Tamil Nadu,Sattur,82
Tamil Nadu,Senthamangalam,83
Tamil Nadu,Sholavandan,84
Tamil Nadu,Sholingur,85
Tamil Nadu,Shozhinganallur,86
Tamil Nadu,Singanallur,87
Tamil Nadu,Sirkazhi,88
Tamil Nadu,Sivaganga,89
Tamil Nadu,Sivakasi,90
Tamil Nadu,Sriperumbudur,91
Tamil Nadu,Srirangam,92
Tamil Nadu,Srivaikuntam,93
Tamil Nadu,Srivilliputhur,94
Tamil Nadu,Sulur,95
Tamil Nadu,Tambaram,96
Tamil Nadu,Tenkasi,97
Tamil Nadu,Thalli,98
Tamil Nadu,Thanjavur,99
Tamil Nadu,Thiru-vi-ka-nagar,100
Tamil Nadu,Thirumangalam,1
Tamil Nadu,Thirumayam,2
Tamil Nadu,Thiruparankundram,3
Tamil Nadu,Thiruporur,4
Tamil Nadu,Thiruthuraipoondi,5
Tamil Nadu,Thiruvaiyaru,6
Tamil Nadu,Thiruvallur,7
Tamil Nadu,Thiruvarur,8
Tamil Nadu,Thiruverumbur,9
Tamil Nadu,Thiruvidaimarudur,10
Tamil Nadu,Thiruvottiyur,11
Tamil Nadu,Thiyagarayanagar,12
Tamil Nadu,Thondamuthur,13
Tamil Nadu,Thoothukkudi,14
Tamil Nadu,Thousand Lights,15
Tamil Nadu,Thuraiyur,16
Tamil Nadu,Tindivanam,17
Tamil Nadu,Tiruchendur,18
Tamil Nadu,Tiruchengodu,19
Tamil Nadu,Tiruchirappalli (east),20
Tamil Nadu,Tiruchirappalli (west),21
Tamil Nadu,Tiruchuli,22
Tamil Nadu,Tirukkoyilur,23
Tamil Nadu,Tirunelveli,24
Tamil Nadu,Tirupattur,25
Tamil Nadu,Tiruppattur,26
Tamil Nadu,Tiruppur (north),27
Tamil Nadu,Tiruppur (south),28
Tamil Nadu,Tiruttani,29
Tamil Nadu,Tiruvadanai,30
Tamil Nadu,Tiruvannamalai,31
Tamil Nadu,Tittakudi (sc),32
Tamil Nadu,Udhagamandalam,33
Tamil Nadu,Udumalaipettai,34
Tamil Nadu,Ulundurpettai,35
Tamil Nadu,Usilampatti,36
Tamil Nadu,Uthangarai,37
Tamil Nadu,Uthiramerur,38
Tamil Nadu,Valparai,39
Tamil Nadu,Vandavasi,40
Tamil Nadu,Vaniyambadi,41
Tamil Nadu,Vanur,42
Tamil Nadu,Vasudevanallur,43
Tamil Nadu,Vedaranyam,44
Tamil Nadu,Vedasandur,45
Tamil Nadu,Veerapandi,46
Tamil Nadu,Velachery,47
Tamil Nadu,Vellore,48
Tamil Nadu,Veppanahalli,49
Tamil Nadu,Vikravandi,50
Tamil Nadu,Vilathikulam,51
Tamil Nadu,Vilavancode,52
Tamil Nadu,Villivakkam,53
Tamil Nadu,Villupuram,54
Tamil Nadu,Viralimalai,55
Tamil Nadu,Virudhunagar,56
Tamil Nadu,Virugampakkam,57
Tamil Nadu,Vridhachalam,58
Tamil Nadu,Yercaud,59
Tripura,Agartala,60
Tripura,Amarpur,61
Tripura,Ambassa,62
Tripura,Ampinagar,63
Tripura,Asharambari,64
Tripura,Badharghat,65
Tripura,Bagbassa,66
Tripura,Bagma,67
Tripura,Bamutia,68
Tripura,Banamalipur,69
Tripura,Barjala,70
Tripura,Belonia,71
Tripura,Bishalgarh,72
Tripura,Boxanagar,73
Tripura,Chandipur,74
Tripura,Charilam,75
Tripura,Chawamanu,76
Tripura,Dhanpur,77
Tripura,Dharmanagar,78
Tripura,Fatikroy,79
Tripura,Golaghati,80
Tripura,Hrishyamukh,81
Tripura,Jolaibari,82
Tripura,Jubarajnagar,83
Tripura,Kadamtala-kurti,84
Tripura,Kailashahar,85
Tripura,Kakraban-salgarh,86
Tripura,Kalyanpur-pramodenagar,87
Tripura,Kamalasagar,88
Tripura,Kamalpur,89
Tripura,Kanchanpur,90
Tripura,Karbook,91
Tripura,Karmachhara,92
Tripura,Khayerpur,93
Tripura,Khowai,94
Tripura,Krishnapur,95
Tripura,Majlishpur,96
Tripura,Mandaibazar,97
Tripura,Manu,98
Tripura,Matarbari,99
Tripura,Mohanpur,100
Tripura,Nalchar,1
Tripura,Pabiachhara,2
Tripura,Panisagar,3
Tripura,Pencharthal,4
Tripura,Pratapgarh,5
Tripura,Radhakishorepur,6
Tripura,Raima Valley,7
Tripura,Rajnagar,8
Tripura,Ramchandraghat,9
Tripura,Ramnagar,10
Tripura,Sabroom,11
Tripura,Santirbazar,12
Tripura,Simna,13
Tripura,Sonamura,14
Tripura,Surma,15
Tripura,Suryamaninagar,16
Tripura,Takarjala,17
Tripura,Teliamura,18
Tripura,Town Bordowali,19
Uttar Pradesh,Agra Cantt.,20
Uttar Pradesh,Agra North,21
Uttar Pradesh,Agra Rural,22
Uttar Pradesh,Agra South,23
Uttar Pradesh,Ajagara,24
Uttar Pradesh,Akbarpur,25
Uttar Pradesh,Akbarpur - Raniya,26
Uttar Pradesh,Alapur,27
Uttar Pradesh,Aliganj,28
Uttar Pradesh,Aligarh,29
Uttar Pradesh,Allahabad North,30
Uttar Pradesh,Allahabad South,31
Uttar Pradesh,Allahabad West,32
Uttar Pradesh,Amanpur,33
Uttar Pradesh,Amethi,34
Uttar Pradesh,Amritpur,35
Uttar Pradesh,Amroha,36
Uttar Pradesh,Anupshahr,37
Uttar Pradesh,Aonla,38
Uttar Pradesh,Arya Nagar,39
Uttar Pradesh,Asmoli,40
Uttar Pradesh,Atrauli,41
Uttar Pradesh,Atrauliya,42
Uttar Pradesh,Aurai,43
Uttar Pradesh,Auraiya,44
Uttar Pradesh,Ayah Shah,45
Uttar Pradesh,Ayodhya,46
Uttar Pradesh,Azamgarh,47
Uttar Pradesh,Babaganj,48
Uttar Pradesh,Baberu,49
Uttar Pradesh,Babina,50
Uttar Pradesh,Bachhrawan,51
Uttar Pradesh,Badaun,52
Uttar Pradesh,Badlapur,53
Uttar Pradesh,Baghpat,54
Uttar Pradesh,Bah,55
Uttar Pradesh,Baheri,56
Uttar Pradesh,Bahraich,57
Uttar Pradesh,Bairia,58
Uttar Pradesh,Bakshi Kaa Talab,59
Uttar Pradesh,Balamau,60
Uttar Pradesh,Baldev,61
Uttar Pradesh,Balha,62
Uttar Pradesh,Ballia Nagar,63
Uttar Pradesh,Balrampur,64
Uttar Pradesh,Banda,65
Uttar Pradesh,Bangermau,66
Uttar Pradesh,Bansdih,67
Uttar Pradesh,Bansgaon,68
Uttar Pradesh,Bansi,69
Uttar Pradesh,Bara,70
Uttar Pradesh,Barabanki,71
Uttar Pradesh,Barauli,72
Uttar Pradesh,Baraut,73
Uttar Pradesh,Bareilly,74
Uttar Pradesh,Bareilly Cantt.,75
Uttar Pradesh,Barhaj,76
Uttar Pradesh,Barhapur,77
Uttar Pradesh,Barkhera,78
Uttar Pradesh,Basti Sadar,79
Uttar Pradesh,Behat,80
Uttar Pradesh,Belthara Road,81
Uttar Pradesh,Bhadohi,82
Uttar Pradesh,Bhagwantnagar,83
Uttar Pradesh,Bharthana,84
Uttar Pradesh,Bhatpar Rani,85
Uttar Pradesh,Bhinga,86
Uttar Pradesh,Bhognipur,87
Uttar Pradesh,Bhojipura,88
Uttar Pradesh,Bhojpur,89
Uttar Pradesh,Bhongaon,90
Uttar Pradesh,Bidhuna,91
Uttar Pradesh,Bijnor,92
Uttar Pradesh,Bikapur,93
Uttar Pradesh,Bilari,94
Uttar Pradesh,Bilaspur,95
Uttar Pradesh,Bilgram-mallanwan,96
Uttar Pradesh,Bilhaur,97
Uttar Pradesh,Bilsi,98
Uttar Pradesh,Bindki,99
Uttar Pradesh,Bisalpur,100
Uttar Pradesh,Bisauli,1
Uttar Pradesh,Bishwavnathganj,2
Uttar Pradesh,Biswan,3
Uttar Pradesh,Bithari Chainpur,4
Uttar Pradesh,Bithoor,5
Uttar Pradesh,Budhana,6
Uttar Pradesh,Bulandshahr,7
Uttar Pradesh,Caimpiyarganj,8
Uttar Pradesh,Chail,9
Uttar Pradesh,Chakia,10
Uttar Pradesh,Chamraua,11
Uttar Pradesh,Chandausi,12
Uttar Pradesh,Chandpur,13
Uttar Pradesh,Charkhari,14
Uttar Pradesh,Charthawal,15
Uttar Pradesh,Chauri-chaura,16
Uttar Pradesh,Chhanbey,17
Uttar Pradesh,Chhaprauli,18
Uttar Pradesh,Chharra,19
Uttar Pradesh,Chhata,20
Uttar Pradesh,Chhibramau,21
Uttar Pradesh,Chillupar,22
Uttar Pradesh,Chitrakoot,23
Uttar Pradesh,Chunar,24
Uttar Pradesh,Colonelganj,25
Uttar Pradesh,Dadraul,26
Uttar Pradesh,Dadri,27
Uttar Pradesh,Dariyabad,28
Uttar Pradesh,Dataganj,29
Uttar Pradesh,Debai,30
Uttar Pradesh,Deoband,31
Uttar Pradesh,Deoria,32
Uttar Pradesh,Dhampur,33
Uttar Pradesh,Dhanaura,34
Uttar Pradesh,Dhanghata,35
Uttar Pradesh,Dhaurahra,36
Uttar Pradesh,Dholana,37
Uttar Pradesh,Dibiyapur,38
Uttar Pradesh,Didarganj,39
Uttar Pradesh,Doomariyaganj,40
Uttar Pradesh,Duddhi,41
Uttar Pradesh,Etah,42
Uttar Pradesh,Etawah,43
Uttar Pradesh,Etmadpur,44
Uttar Pradesh,Faridpur,45
Uttar Pradesh,Farrukhabad,46
Uttar Pradesh,Fatehabad,47
Uttar Pradesh,Fatehpur,48
Uttar Pradesh,Fatehpur Sikri,49
Uttar Pradesh,Fazilnagar,50
Uttar Pradesh,Firozabad,51
Uttar Pradesh,Gainsari,52
Uttar Pradesh,Gangoh,53
Uttar Pradesh,Garautha,54
Uttar Pradesh,Garhmukteshwar,55
Uttar Pradesh,Gaura,56
Uttar Pradesh,Gauriganj,57
Uttar Pradesh,Ghatampur,58
Uttar Pradesh,Ghaziabad,59
Uttar Pradesh,Ghazipur,60
Uttar Pradesh,Ghorawal,61
Uttar Pradesh,Ghosi,62
Uttar Pradesh,Gola Gokrannath,63
Uttar Pradesh,Gonda,64
Uttar Pradesh,Gopalpur,65
Uttar Pradesh,Gopamau,66
Uttar Pradesh,Gorakhpur Rural,67
Uttar Pradesh,Gorakhpur Urban,68
Uttar Pradesh,Goshainganj,69
Uttar Pradesh,Goverdhan,70
Uttar Pradesh,Govindnagar,71
Uttar Pradesh,Gunnaur,72
Uttar Pradesh,Gyanpur,73
Uttar Pradesh,Haidergarh,74
Uttar Pradesh,Hamirpur,75
Uttar Pradesh,Handia,76
Uttar Pradesh,Hapur,77
Uttar Pradesh,Harchandpur,78
Uttar Pradesh,Hardoi,79
Uttar Pradesh,Hargaon,80
Uttar Pradesh,Harraiya,81
Uttar Pradesh,Hasanpur,82
Uttar Pradesh,Hastinapur,83
Uttar Pradesh,Hata,84
Uttar Pradesh,Hathras,85
Uttar Pradesh,Husainganj,86
Uttar Pradesh,Iglas,87
Uttar Pradesh,Isauli,88
Uttar Pradesh,Itwa,89
Uttar Pradesh,Jagdishpur,90
Uttar Pradesh,Jahanabad,91
Uttar Pradesh,Jakhanian,92
Uttar Pradesh,Jalalabad,93
Uttar Pradesh,Jalalpur,94
Uttar Pradesh,Jalesar,95
Uttar Pradesh,Jangipur,96
Uttar Pradesh,Jasrana,97
Uttar Pradesh,Jaswantnagar,98
Uttar Pradesh,Jaunpur,99
Uttar Pradesh,Jewar,100
Uttar Pradesh,Jhansi Nagar,1
Uttar Pradesh,Kadipur,2
Uttar Pradesh,Kaimganj,3
Uttar Pradesh,Kairana,4
Uttar Pradesh,Kaiserganj,5
Uttar Pradesh,Kalpi,6
Uttar Pradesh,Kalyanpur,7
Uttar Pradesh,Kannauj,8
Uttar Pradesh,Kanpur Cantt.,9
Uttar Pradesh,Kanth,10
Uttar Pradesh,Kapilvastu,11
Uttar Pradesh,Kaptanganj,12
Uttar Pradesh,Karachhana,13
Uttar Pradesh,Karhal,14
Uttar Pradesh,Kasganj,15
Uttar Pradesh,Kasta,16
Uttar Pradesh,Katehari,17
Uttar Pradesh,Katra,18
Uttar Pradesh,Katra Bazar,19
Uttar Pradesh,Kerakat S.c.,20
Uttar Pradesh,Khadda,21
Uttar Pradesh,Khaga,22
Uttar Pradesh,Khair,23
Uttar Pradesh,Khajani,24
Uttar Pradesh,Khalilabad,25
Uttar Pradesh,Khatauli,26
Uttar Pradesh,Kheragarh,27
Uttar Pradesh,Khurja,28
Uttar Pradesh,Kidwai Nagar,29
Uttar Pradesh,Kishani,30
Uttar Pradesh,Kithore,31
Uttar Pradesh,Koil,32
Uttar Pradesh,Koraon,33
Uttar Pradesh,Kunda,34
Uttar Pradesh,Kundarki,35
Uttar Pradesh,Kursi,36
Uttar Pradesh,Kushinagar,37
Uttar Pradesh,Laharpur,38
Uttar Pradesh,Lakhimpur,39
Uttar Pradesh,Lalganj,40
Uttar Pradesh,Lalitpur,41
Uttar Pradesh,Lambhua,42
Uttar Pradesh,Loni,43
Uttar Pradesh,Lucknow Cantt.,44
Uttar Pradesh,Lucknow Central,45
Uttar Pradesh,Lucknow East,46
Uttar Pradesh,Lucknow North,47
Uttar Pradesh,Lucknow West,48
Uttar Pradesh,Machhlishahr S.c.,49
Uttar Pradesh,Madhaugarh,50
Uttar Pradesh,Madhuban,51
Uttar Pradesh,Mahadewa,52
Uttar Pradesh,Maharajganj,53
Uttar Pradesh,Maharajpur,54
Uttar Pradesh,Mahasi,55
Uttar Pradesh,Mahmoodabad,56
Uttar Pradesh,Mahoba,57
Uttar Pradesh,Maholi,58
Uttar Pradesh,Mainpuri,59
Uttar Pradesh,Majhawan,60
Uttar Pradesh,Malhani,61
Uttar Pradesh,Malihabad,62
Uttar Pradesh,Manikpur,63
Uttar Pradesh,Manjhanpur,64
Uttar Pradesh,Mankapur,65
Uttar Pradesh,Marhara,66
Uttar Pradesh,Marihan,67
Uttar Pradesh,Mariyahu,68
Uttar Pradesh,Matera,69
Uttar Pradesh,Mathura,70
Uttar Pradesh,Mau,71
Uttar Pradesh,Mauranipur,72
Uttar Pradesh,Meerapur,73
Uttar Pradesh,Meerganj,74
Uttar Pradesh,Meerut,75
Uttar Pradesh,Meerut Cantt.,76
Uttar Pradesh,Meerut South,77
Uttar Pradesh,Mehnagar,78
Uttar Pradesh,Mehnaun,79
Uttar Pradesh,Mehroni,80
Uttar Pradesh,Meja,81
Uttar Pradesh,Menhdawal,82
Uttar Pradesh,Milak,83
Uttar Pradesh,Milkipur,84
Uttar Pradesh,Mirzapur,85
Uttar Pradesh,Misrikh,86
Uttar Pradesh,Modi Nagar,87
Uttar Pradesh,Mohammadabad,88
Uttar Pradesh,Mohammdi,89
Uttar Pradesh,Mohan,90
Uttar Pradesh,Mohanlalganj,91
Uttar Pradesh,Moradabad Nagar,92
Uttar Pradesh,Moradabad Rural,93
Uttar Pradesh,Mubarakpur,94
Uttar Pradesh,Mughalsarai,95
Uttar Pradesh,Muhammadabad- Gohna (sc),96
Uttar Pradesh,Mungra Badshahpur,97
Uttar Pradesh,Muradnagar,98
Uttar Pradesh,Muzaffar Nagar,99
Uttar Pradesh,Nagina,100
Uttar Pradesh,Najibabad,1
Uttar Pradesh,Nakur,2
Uttar Pradesh,Nanpara,3
Uttar Pradesh,Naraini,4
Uttar Pradesh,Naugawan Sadat,5
Uttar Pradesh,Nautanwa,6
Uttar Pradesh,Nawabganj,7
Uttar Pradesh,Nehtaur,8
Uttar Pradesh,Nighasan,9
Uttar Pradesh,Nizamabad,10
Uttar Pradesh,Noida,11
Uttar Pradesh,Noorpur,12
Uttar Pradesh,Obra,13
Uttar Pradesh,Orai,14
Uttar Pradesh,Padrauna,15
Uttar Pradesh,Palia,16
Uttar Pradesh,Paniyara,17
Uttar Pradesh,Pathardeva,18
Uttar Pradesh,Patiyali,19
Uttar Pradesh,Patti,20
Uttar Pradesh,Payagpur,21
Uttar Pradesh,Phaphamau,22
Uttar Pradesh,Pharenda,23
Uttar Pradesh,Phephana,24
Uttar Pradesh,Phoolpur Pawai,25
Uttar Pradesh,Phulpur,26
Uttar Pradesh,Pilibhit,27
Uttar Pradesh,Pindra,28
Uttar Pradesh,Pipraich,29
Uttar Pradesh,Powayan,30
Uttar Pradesh,Pratapgarh,31
Uttar Pradesh,Pratappur,32
Uttar Pradesh,Puranpur,33
Uttar Pradesh,Purqazi,34
Uttar Pradesh,Purwa,35
Uttar Pradesh,Rae Bareli,36
Uttar Pradesh,Ram Nagar,37
Uttar Pradesh,Ramkola,38
Uttar Pradesh,Rampur,39
Uttar Pradesh,Rampur Karkhana,40
Uttar Pradesh,Rampur Khas,41
Uttar Pradesh,Rampur Maniharan,42
Uttar Pradesh,Raniganj,43
Uttar Pradesh,Rasara,44
Uttar Pradesh,Rasulabad,45
Uttar Pradesh,Rath,46
Uttar Pradesh,Robertsganj,47
Uttar Pradesh,Rohaniya,48
Uttar Pradesh,Rudauli,49
Uttar Pradesh,Rudhauli,50
Uttar Pradesh,Rudrapur,51
Uttar Pradesh,Sadabad,52
Uttar Pradesh,Sadar,53
Uttar Pradesh,Safipur,54
Uttar Pradesh,Sagri,55
Uttar Pradesh,Sahajanwa,56
Uttar Pradesh,Saharanpur,57
Uttar Pradesh,Saharanpur Nagar,58
Uttar Pradesh,Sahaswan,59
Uttar Pradesh,Sahibabad,60
Uttar Pradesh,Saidpur,61
Uttar Pradesh,Saiyadraja,62
Uttar Pradesh,Sakaldiha,63
Uttar Pradesh,Salempur,64
Uttar Pradesh,Salon,65
Uttar Pradesh,Sambhal,66
Uttar Pradesh,Sandi,67
Uttar Pradesh,Sandila,68
Uttar Pradesh,Sardhana,69
Uttar Pradesh,Sareni,70
Uttar Pradesh,Sarojini Nagar,71
Uttar Pradesh,Sawaijpur,72
Uttar Pradesh,Sevapuri,73
Uttar Pradesh,Sevata,74
Uttar Pradesh,Shahabad,75
Uttar Pradesh,Shahganj,76
Uttar Pradesh,Shahjahanpur,77
Uttar Pradesh,Shamli,78
Uttar Pradesh,Shekhupur,79
Uttar Pradesh,Shikarpur,80
Uttar Pradesh,Shikohabad,81
Uttar Pradesh,Shivpur,82
Uttar Pradesh,Shohratgarh,83
Uttar Pradesh,Shrawasti,84
Uttar Pradesh,Sidhauli,85
Uttar Pradesh,Sikanderpur,86
Uttar Pradesh,Sikandra,87
Uttar Pradesh,Sikandra Rao,88
Uttar Pradesh,Sikandrabad,89
Uttar Pradesh,Sirathu,90
Uttar Pradesh,Sirsaganj,91
Uttar Pradesh,Sishamau,92
Uttar Pradesh,Siswa,93
Uttar Pradesh,Sitapur,94
Uttar Pradesh,Siwalkhas,95
Uttar Pradesh,Soraon,96
Uttar Pradesh,Sri Nagar,97
Uttar Pradesh,Suar,98
Uttar Pradesh,Sultanpur,99
Uttar Pradesh,Syana,100
Uttar Pradesh,Tamkuhi Raj,1
Uttar Pradesh,Tanda,2
Uttar Pradesh,Tarabganj,3
Uttar Pradesh,Thakurdwara,4
Uttar Pradesh,Thana Bhawan,5
Uttar Pradesh,Tilhar,6
Uttar Pradesh,Tiloi,7
Uttar Pradesh,Tindwari,8
Uttar Pradesh,Tirwa,9
Uttar Pradesh,Tulsipur,10
Uttar Pradesh,Tundla,11
Uttar Pradesh,Unchahar,12
Uttar Pradesh,Unnao,13
Uttar Pradesh,Utraula,14
Uttar Pradesh,Varanasi Cantt.,15
Uttar Pradesh,Varanasi North,16
Uttar Pradesh,Varanasi South,17
Uttar Pradesh,Zafrabad,18
Uttar Pradesh,Zahoorabad,19
Uttar Pradesh,Zaidpur,20
Uttar Pradesh,Zamania,21
Uttarakhand,Almora,22
Uttarakhand,B.h.e.l. Ranipur,23
Uttarakhand,Badrinath,24
Uttarakhand,Bageshwar,25
Uttarakhand,Bajpur,26
Uttarakhand,Chakrata,27
Uttarakhand,Champawat,28
Uttarakhand,Chaubattakhal,29
Uttarakhand,Dehradun Cantt.,30
Uttarakhand,Deoprayag,31
Uttarakhand,Dhanolti,32
Uttarakhand,Dharampur,33
Uttarakhand,Dharchula,34
Uttarakhand,Didihat,35
Uttarakhand,Doiwala,36
Uttarakhand,Dwarahat,37
Uttarakhand,Gadarpur,38
Uttarakhand,Gangolihat,39
Uttarakhand,Gangotri,40
Uttarakhand,Ghanshali,41
Uttarakhand,Hardwar,42
Uttarakhand,Jageshwar,43
Uttarakhand,Jwalapur,44
Uttarakhand,Kaladhungi,45
Uttarakhand,Kapkote,46
Uttarakhand,Karnprayag,47
Uttarakhand,Kashipur,48
Uttarakhand,Kedarnath,49
Uttarakhand,Khatima,50
Uttarakhand,Kichha,51
Uttarakhand,Kotdwar,52
Uttarakhand,Lalkuwa,53
Uttarakhand,Lansdowne,54
Uttarakhand,Lohaghat,55
Uttarakhand,Mussoorie,56
Uttarakhand,Nainital,57
Uttarakhand,Nanak Matta,58
Uttarakhand,Narendranagar,59
Uttarakhand,Pauri,60
Uttarakhand,Pithoragarh,61
Uttarakhand,Pratapnagar,62
Uttarakhand,Purola,63
Uttarakhand,Raipur,64
Uttarakhand,Rajpur Road,65
Uttarakhand,Ramnagar,66
Uttarakhand,Ranikhet,67
Uttarakhand,Rishikesh,68
Uttarakhand,Rudraprayag,69
Uttarakhand,Rudrapur,70
Uttarakhand,Sahaspur,71
Uttarakhand,Salt,72
Uttarakhand,Sitarganj,73
Uttarakhand,Someshwar (s.c.),74
Uttarakhand,Srinagar,75
Uttarakhand,Tehri,76
Uttarakhand,Tharali,77
Uttarakhand,Yamkeshwar,78
Uttarakhand,Yamunotri,79
West Bengal,Alipurduars,80
West Bengal,Amdanga,81
West Bengal,Amta,82
West Bengal,Arambagh,83
West Bengal,Asansol Dakshin,84
West Bengal,Asansol Uttar,85
West Bengal,Ashoknagar,86
West Bengal,Ausgram,87
West Bengal,Baduria,88
West Bengal,Bagdah,89
West Bengal,Baghmundi,90
West Bengal,Bagnan,91
West Bengal,Baharampur,92
West Bengal,Baishnabnagar,93
West Bengal,Balagarh,94
West Bengal,Balarampur,95
West Bengal,Bally,96
West Bengal,Ballygunge,97
West Bengal,Balurghat,98
West Bengal,Bandwan,99
West Bengal,Bankura,100
West Bengal,Baranagar,1
West Bengal,Barasat,2
West Bengal,Barbani,3
West Bengal,Bardhaman Dakshin,4
West Bengal,Bardhaman Uttar,5
West Bengal,Barjora,6
West Bengal,Barrackpur,7
West Bengal,Baruipur Paschim,8
West Bengal,Baruipur Purba,9
West Bengal,Basanti (s.c.),10
West Bengal,Basirhat Dakshin,11
West Bengal,Basirhat Uttar,12
West Bengal,Behala Paschim,13
West Bengal,Behala Purba,14
West Bengal,Beldanga,15
West Bengal,Beleghata,16
West Bengal,Bhabanipur,17
West Bengal,Bhagabanpur,18
West Bengal,Bhagawangola,19
West Bengal,Bhangore,20
West Bengal,Bharatpur,21
West Bengal,Bhatar,22
West Bengal,Bhatpara,23
West Bengal,Bidhannagar,24
West Bengal,Bijpur,25
West Bengal,Binpur,26
West Bengal,Bishnupur,27
West Bengal,Bolpur,28
West Bengal,Bongaon Dakshin,29
West Bengal,Bongaon Uttar,30
West Bengal,Budge Budge,31
West Bengal,Burwan,32
West Bengal,Canning Paschim,33
West Bengal,Canning Purba,34
West Bengal,Chakdaha,35
West Bengal,Chakulia,36
West Bengal,Champdani,37
West Bengal,Chanchal,38
West Bengal,Chandannagore,39
West Bengal,Chandipur,40
West Bengal,Chanditala,41
West Bengal,Chandrakona,42
West Bengal,Chapra,43
West Bengal,Chhatna,44
West Bengal,Chopra,45
West Bengal,Chowrangee,46
West Bengal,Chunchura,47
West Bengal,Cooch Behar Dakshin,48
West Bengal,Cooch Behar Uttar,49
West Bengal,Dabgram-fulbari,50
West Bengal,Dantan,51
West Bengal,Darjeeling,52
West Bengal,Daspur,53
West Bengal,Debra,54
West Bengal,Deganga,55
West Bengal,Dhanekhali,56
West Bengal,Dhupguri,57
West Bengal,Diamond Harbour,58
West Bengal,Dinhata,59
West Bengal,Domjur,60
West Bengal,Domkal,61
West Bengal,Dubrajpur,62
West Bengal,Dum Dum,63
West Bengal,Dum Dum Uttar,64
West Bengal,Durgapur Paschim,65
West Bengal,Durgapur Purba,66
West Bengal,Egra,67
West Bengal,Englishbazar,68
West Bengal,Entally,69
West Bengal,Falakata,70
West Bengal,Falta,71
West Bengal,Farakka,72
West Bengal,Gaighata,73
West Bengal,Galsi,74
West Bengal,Gangarampur,75
West Bengal,Garbeta,76
West Bengal,Gazole,77
West Bengal,Ghatal,78
West Bengal,Goalpokhar,79
West Bengal,Goghat,80
West Bengal,Gopiballavpur,81
West Bengal,Gosaba,82
West Bengal,Habibpur,83
West Bengal,Habra,84
West Bengal,Haldia,85
West Bengal,Hansan,86
West Bengal,Hariharpara,87
West Bengal,Haripal,88
West Bengal,Harirampur,89
West Bengal,Harischandrapur,90
West Bengal,Haroa,91
West Bengal,Hemtabad,92
West Bengal,Hingalganj,93
West Bengal,Howrah Dakshin,94
West Bengal,Howrah Madhya,95
West Bengal,Howrah Uttar,96
West Bengal,Indas,97
West Bengal,Islampur,98
West Bengal,Itahar,99
West Bengal,Jadavpur,100
West Bengal,Jagatballavpur,1
West Bengal,Jagatdal,2
West Bengal,Jalangi,3
West Bengal,Jalpaiguri,4
West Bengal,Jamalpur,5
West Bengal,Jamuria,6
West Bengal,Jangipara,7
West Bengal,Jaynagar,8
West Bengal,Jhargram,9
West Bengal,Jorasanko,10
West Bengal,Joypur,11
West Bengal,Kakdwip,12
West Bengal,Kalchini,13
West Bengal,Kaliaganj,14
West Bengal,Kaliganj,15
West Bengal,Kalimpong,16
West Bengal,Kalna,17
West Bengal,Kalyani,18
West Bengal,Kamarhati,19
West Bengal,Kandi,20
West Bengal,Kanthi Dakshin,21
West Bengal,Kanthi Uttar,22
West Bengal,Karandighi,23
West Bengal,Kasba,24
West Bengal,Kashipur,25
West Bengal,Kashipur-belgachia,26
West Bengal,Katwa,27
West Bengal,Keshiary,28
West Bengal,Keshpur,29
West Bengal,Ketugram,30
West Bengal,Khanakul,31
West Bengal,Khandaghosh,32
West Bengal,Kharagpur,33
West Bengal,Kharagpur Sadar,34
West Bengal,Khardaha,35
West Bengal,Khejuri,36
West Bengal,Kolkata Port,37
West Bengal,Kotulpur,38
West Bengal,Krishnaganj,39
West Bengal,Krishnanagar Dakshin,40
West Bengal,Krishnanagar Uttar,41
West Bengal,Kulpi,42
West Bengal,Kultali (s.c),43
West Bengal,Kulti,44
West Bengal,Kumarganj,45
West Bengal,Kumargram,46
West Bengal,Kurseong,47
West Bengal,Kushmandi,48
West Bengal,Labpur,49
West Bengal,Lalgola,50
West Bengal,Madarihat,51
West Bengal,Madhyamgram,52
West Bengal,Magrahat Paschim,53
West Bengal,Magrahat Purba,54
West Bengal,Maheshtala,55
West Bengal,Mahisadal,56
West Bengal,Mal,57
West Bengal,Malatipur,58
West Bengal,Maldaha,59
West Bengal,Manbazar,60
West Bengal,Mandirbazar,61
West Bengal,Mangalkot,62
West Bengal,Manickchak,63
West Bengal,Maniktala,64
West Bengal,Mathabhanga,65
West Bengal,Matigara-naxalbari,66
West Bengal,Maynaguri,67
West Bengal,Mayureswar,68
West Bengal,Medinipur,69
West Bengal,Mekliganj,70
West Bengal,Memari,71
West Bengal,Metiaburuz,72
West Bengal,Minakhan,73
West Bengal,Monteswar,74
West Bengal,Mothabari,75
West Bengal,Moyna,76
West Bengal,Murarai,77
West Bengal,Murshidabad,78
West Bengal,Nabadwip,79
West Bengal,Nabagram,80
West Bengal,Nagrakata,81
West Bengal,Naihati,82
West Bengal,Nakashipara,83
West Bengal,Nalhati,84
West Bengal,Nandakumar,85
West Bengal,Nandigram,86
West Bengal,Nanoor,87
West Bengal,Narayangarh,88
West Bengal,Natabari,89
West Bengal,Nayagram,90
West Bengal,Noapara,91
West Bengal,Nowda,92
West Bengal,Onda,93
West Bengal,Palashipara,94
West Bengal,Panchla,95
West Bengal,Pandabeswar,96
West Bengal,Pandua,97
West Bengal,Panihati,98
West Bengal,Panskura Paschim,99
West Bengal,Panskura Purba,100
West Bengal,Para,1
West Bengal,Patashpur,2
West Bengal,Patharpratima,3
West Bengal,Phansidewa,4
West Bengal,Pingla,5
West Bengal,Purbasthali Dakshin,6
West Bengal,Purbasthali Uttar,7
West Bengal,Pursurah,8
West Bengal,Purulia,9
West Bengal,Raghunathpur,10
West Bengal,Raidighi,11
West Bengal,Raiganj,12
West Bengal,Raina,13
West Bengal,Raipur,14
West Bengal,Rajarhat Gopalpur,15
West Bengal,Rajarhat New Town,16
West Bengal,Rajganj,17
West Bengal,Ramnagar,18
West Bengal,Rampurhat,19
West Bengal,Ranaghat Dakshin,20
West Bengal,Ranaghat Uttar Paschim,21
West Bengal,Ranaghat Uttar Purba,22
West Bengal,Ranibandh,23
West Bengal,Raniganj,24
West Bengal,Raninagar,25
West Bengal,Rashbehari,26
West Bengal,Ratua,27
West Bengal,Rejinagar,28
West Bengal,Sabang,29
West Bengal,Sagar,30
West Bengal,Sagardighi,31
West Bengal,Sainthia,32
West Bengal,Salboni,33
West Bengal,Saltora,34
West Bengal,Samserganj,35
West Bengal,Sandeshkhali,36
West Bengal,Sankrail,37
West Bengal,Santipur,38
West Bengal,Saptagram,39
West Bengal,Satgachia,40
West Bengal,Shibpur,41
West Bengal,Shyampukur,42
West Bengal,Shyampur,43
West Bengal,Siliguri,44
West Bengal,Singur,45
West Bengal,Sitai,46
West Bengal,Sitalkuchi,47
West Bengal,Sonamukhi,48
West Bengal,Sonarpur Dakshin,49
West Bengal,Sonarpur Uttar,50
West Bengal,Sreerampur,51
West Bengal,Sujapur,52
West Bengal,Suri,53
West Bengal,Swarupnagar,54
West Bengal,Taldangra,55
West Bengal,Tamluk,56
West Bengal,Tapan,57
West Bengal,Tarakeswar,58
West Bengal,Tehatta,59
West Bengal,Tollygunj,60
West Bengal,Tufanganj,61
West Bengal,Udaynarayanpur,62
West Bengal,Uluberia Dakshin,63
West Bengal,Uluberia Purba,64
West Bengal,Uluberia Uttar,65
West Bengal,Uttarpara,66
